season,season_year,start_date,end_date,days_expected,hours_expected,n_era5_days,n_era5_hours,n_chirps_days,qc_complete,tmean_C,tmax_C,tmin_C,pet_pm_mm,et0_daily_mean,rn_mj,u2_ms,vpd_k,pet_hargreaves_mm,pet_era5_mm,precip_chirps_mm
DJF,1991,1990-12-01,1991-03-01,90.0,2160.0,90,2160,90,1,5.512564387076784,10.42553222501501,0.5802207749924547,149.15266453960848,1.6572518282178719,4.773960922669493,1.6436376132187518,0.4728667668931441,128.6148230247064,176.5054705830616,87.65088179268751
DJF,1992,1991-12-01,1992-03-01,91.0,2184.0,91,2184,91,1,4.052072955453278,8.756478618790764,-0.7413084395550296,146.1156127188146,1.6056660738331254,4.854070757582005,1.8436708116374994,0.3963141770691858,120.34000748144999,164.7154647725764,105.62351600611514
DJF,1993,1992-12-01,1993-03-01,90.0,2160.0,90,2160,90,1,4.887976687493656,9.450388107129568,0.33489139871170065,135.21566792644185,1.5023963102938034,4.8241417015580215,1.6924867988957282,0.3647207343094569,120.78139976314051,150.31668664214592,113.62802900538406
DJF,1994,1993-12-01,1994-03-01,90.0,2160.0,90,2160,90,1,6.592286140424211,11.905129345385246,1.3017979856025956,167.34869745391168,1.8594299717101255,4.733169833261107,1.6713099142333196,0.5742867617261382,140.7629404722964,197.62939775163198,72.9320055910668
DJF,1995,1994-12-01,1995-03-01,90.0,2160.0,90,2160,90,1,6.342640414916498,11.55318960618722,1.1428743140685962,164.92611826932344,1.832512425214688,4.741162856446181,1.686064005100269,0.5367055439265606,137.6520260803026,197.64101432513274,78.81689445768656
DJF,1996,1995-12-01,1996-03-01,91.0,2184.0,91,2184,91,1,4.9418692148267835,9.596909558985796,0.4072710621316252,136.95151546028288,1.5049617083547606,4.835854377518721,1.6090553786937773,0.3615680346635373,122.96926236872002,153.95891124154272,107.45397796948755
DJF,1997,1996-12-01,1997-03-01,90.0,2160.0,90,2160,90,1,6.4893372472186766,12.064889432493953,0.9826500906707829,176.04918550317998,1.956102061146454,4.687781390717252,1.7050031862929012,0.6239188303591925,142.09044838273726,209.47874006815238,72.5787177491576
DJF,1998,1997-12-01,1998-03-01,90.0,2160.0,90,2160,90,1,4.8718779497206635,9.65772816656742,0.003842034467774053,138.68521342848476,1.5409468158720634,4.92446973908935,1.716930877422727,0.369158068609019,123.62476475672555,158.96157659004075,108.7299761399762
DJF,1999,1998-12-01,1999-03-01,90.0,2160.0,90,2160,90,1,8.299884912205194,13.666857760825597,3.0261894456944827,171.01618921973505,1.9001798802192706,4.587672341186182,1.632051787646145,0.6421461510579018,148.93145820210285,202.83072081311667,125.00370041822146
DJF,2000,1999-12-01,2000-03-01,91.0,2184.0,91,2184,91,1,6.351387503526507,11.840116131958236,0.8737331836618408,175.92177372156408,1.9332063046325756,4.6875470760909925,1.7093710482434907,0.6173059704182802,143.38343874094565,203.48861550499882,97.67287875182224
DJF,2001,2000-12-01,2001-03-01,90.0,2160.0,90,2160,90,1,6.156506700682682,11.513128101508956,0.8139643562811766,166.988990962801,1.8554332329200312,4.7908516538205586,1.6825688193932833,0.5534278013952783,139.53873361276533,192.2973077934502,106.99730479133565
DJF,2002,2001-12-01,2002-03-01,90.0,2160.0,90,2160,90,1,7.383017091915588,12.52652492708763,2.2655025292816946,168.7537036862407,1.8750411520693138,4.825813789930686,1.7756447843413294,0.5365558598824037,142.41226890251835,201.4753613119543,117.92497518772218
DJF,2003,2002-12-01,2003-03-01,90.0,2160.0,90,2160,90,1,6.0177709107336455,11.084360176308397,0.910877183607391,164.88365198282875,1.8320405775869784,4.723857642530627,1.823182782023454,0.5160948646811014,135.6229613038358,191.3206179474509,102.57918501990805
DJF,2004,2003-12-01,2004-03-01,91.0,2184.0,91,2184,91,1,7.155059831398447,12.304967698026687,1.9180135597036592,175.52111602801304,1.9288034728353123,4.799329225802879,1.794484121141691,0.5643623308559376,146.04402339813925,205.09936088056608,127.23776882839638
DJF,2005,2004-12-01,2005-03-01,90.0,2160.0,90,2160,90,1,4.380689454989162,9.105352999017882,-0.3828323971984939,141.29231209762816,1.5699145788625284,4.852371508634693,1.7423490016713647,0.39051445020862774,120.33716327870602,156.91295948941516,155.65836289456036
DJF,2006,2005-12-01,2006-03-01,90.0,2160.0,90,2160,90,1,6.978267806736593,12.15177628158197,1.8234798712840592,171.50308863594,1.9055898737326504,4.6349138353710915,1.7104163439465407,0.606913468427573,141.97343357961702,200.0196064098327,137.21167251307799
DJF,2007,2006-12-01,2007-03-01,90.0,2160.0,90,2160,90,1,4.673340575961837,9.646396128847778,-0.32608639928941197,149.2155401232717,1.6579504458141399,4.848310216120023,1.7216552482208887,0.42313200067261025,126.57317284723995,168.84206017128048,125.14521418897237
DJF,2008,2007-12-01,2008-03-01,91.0,2184.0,91,2184,91,1,3.421041909250611,8.472084324196416,-1.7320159459220517,153.0835481880504,1.6822367932752764,4.887579272445713,1.7374729422752384,0.4592523260543927,123.80018511003256,174.4713230637586,102.40191450138354
DJF,2009,2008-12-01,2009-03-01,90.0,2160.0,90,2160,90,1,6.571566078077896,11.843825900281253,1.3827649734598924,170.0772197566677,1.8897468861851905,4.723303383811627,1.7414815338793694,0.5688473264152321,141.14394817015733,203.9489149303201,101.28936465883827
DJF,2010,2009-12-01,2010-03-01,90.0,2160.0,90,2160,90,1,7.921621978946282,13.124380631809144,2.793084360737802,169.7290269883328,1.88587807764814,4.775412345097884,1.7372322295810423,0.5503178016286066,146.52332747002382,201.64006842163704,125.53338377197883
DJF,2011,2010-12-01,2011-03-01,90.0,2160.0,90,2160,90,1,6.534427524070588,11.89904014992513,1.211408555874944,167.79407891458132,1.8643786546064591,4.540976467121849,1.6793852734272143,0.6001269634335719,139.19795233526906,197.24794449793404,115.44816627035861
DJF,2012,2011-12-01,2012-03-01,91.0,2184.0,91,2184,91,1,5.0608148941926805,10.398029140755439,-0.2651685757300623,167.20171980557618,1.8373815363250314,4.723102222951516,1.7933430675702842,0.5400662939380205,134.0709042239479,199.76491762591252,96.12491471225594
DJF,2013,2012-12-01,2013-03-01,90.0,2160.0,90,2160,90,1,6.952180341504372,12.291877115656476,1.6316481314761682,170.58597093620537,1.8953996770689465,4.760389129653038,1.7977485831921516,0.5519953199514501,143.49210790926455,201.55037178162527,114.51047839063176
DJF,2014,2013-12-01,2014-03-01,90.0,2160.0,90,2160,90,1,4.8826375089557414,10.086833406548838,-0.38882482085736636,160.63461578098418,1.78482906423317,4.780681537132734,1.7050742974013202,0.5039427358508956,130.43736551744988,187.70706346527075,97.67383761164
DJF,2015,2014-12-01,2015-03-01,90.0,2160.0,90,2160,90,1,7.63604026494584,13.104360516154774,2.1848991374368913,182.28714405991198,2.02541271177679,4.605827155900543,1.786412829849197,0.6479525052903592,148.72975637865858,217.48844087617718,77.45271435887148
DJF,2016,2015-12-01,2016-03-01,91.0,2184.0,91,2184,91,1,7.054337193038094,12.525001397216691,1.472344855432033,185.89863425475798,2.042842134667678,4.692649686686422,1.7688810353025641,0.6424931342962618,150.66384140209558,216.02370430240438,89.17472802670996
DJF,2017,2016-12-01,2017-03-01,90.0,2160.0,90,2160,90,1,6.576037630048927,11.856077765988433,1.2692823449570971,169.30386877061744,1.881154097451302,4.6812566283882315,1.774423132649762,0.5813905005120903,139.47309870150147,196.79548875455484,120.39522391155053
DJF,2018,2017-12-01,2018-03-01,90.0,2160.0,90,2160,90,1,8.006018974479112,13.624714672095651,2.3724255267289927,190.85608970376012,2.1206232189306786,4.441693283623676,1.7490569328905692,0.7132106283198403,152.83237203032195,228.76712036683728,98.15340955940553
DJF,2019,2018-12-01,2019-03-01,90.0,2160.0,90,2160,90,1,7.41731030702173,12.685376580241188,2.1014365290353845,173.69662975269,1.9299625528076716,4.686508291623787,1.812498299167062,0.581785287818089,143.75327040387066,204.51255812686048,131.63492740946714
DJF,2020,2019-12-01,2020-03-01,91.0,2184.0,91,2184,91,1,6.610936292502646,11.711565956480204,1.4808306782862708,165.43335768418777,1.8179489855405246,4.830303423453001,1.7704552310545043,0.505257076293707,140.36831528208762,189.45490148949312,120.7893144999003
DJF,2021,2020-12-01,2021-03-01,90.0,2160.0,90,2160,90,1,7.106900362807048,12.782965672310175,1.5319470321716373,183.64588132228374,2.040509792469839,4.56849209906484,1.6341689933926067,0.6877755048052288,149.586147296734,216.74457017270058,76.01115465166984
DJF,2022,2021-12-01,2022-03-01,90.0,2160.0,90,2160,90,1,7.444894257696677,12.859944498550027,2.0218799285568054,177.7837230154661,1.975374700171854,4.705775990489637,1.7488500799605455,0.6184730977290936,146.76981605481254,209.58051053197462,96.22285294271178
DJF,2023,2022-12-01,2023-03-01,90.0,2160.0,90,2160,90,1,5.926176259572266,10.939679656604355,0.9181942692467995,161.22302323251438,1.7913669248057242,4.75480460083768,1.6303976946396,0.529130967534231,134.14059513364265,193.95752710519423,105.39489371982195
DJF,2024,2023-12-01,2024-03-01,91.0,2184.0,91,2184,91,1,8.76263207089369,14.211887960358723,3.3384019775240423,187.04639825836273,2.055454925916053,4.555316260965571,1.7373133741341327,0.7014195986010797,155.44145143570552,227.25098528021292,84.3498308048142
DJF,2025,2024-12-01,2025-03-01,90.0,2160.0,90,2160,90,1,6.057508893674436,11.399942816471487,0.6936638626295853,171.84653438414605,1.9094059376016281,4.615390413411549,1.7050506234974663,0.5933698592517628,137.67603842835757,212.09791709529634,69.58189297530875
DJF,2026,2025-12-01,2026-03-01,90.0,2160.0,90,2160,90,1,7.8048880394293745,13.030212669325309,2.575505607573828,177.41163799069574,1.9712404221188373,4.756333285770106,1.7970048377159968,0.6100463059519038,148.56492237859118,207.62358974283595,135.68378105484985
JJA,1991,1991-06-01,1991-09-01,92.0,2208.0,92,2208,92,1,28.194931665311948,34.48446082853618,20.927555879983018,693.0880612536871,7.533565883192266,13.822142980664578,2.271094219245003,3.168088178962427,576.410170135819,816.5795011114977,7.003291425413347
JJA,1992,1992-06-01,1992-09-01,92.0,2208.0,92,2208,92,1,27.025175808424443,33.10903057080084,19.99357103120667,663.7109603684573,7.214249569222379,13.598916432751995,2.2583824861884008,2.9149312856213503,552.9020163996483,782.6896257781311,10.160210468209852
JJA,1993,1993-06-01,1993-09-01,92.0,2208.0,92,2208,92,1,27.51946585201729,33.605342595188034,20.392820886349092,679.9717785830317,7.390997593293855,13.750321521712566,2.307148424239518,3.013198118622212,561.4824216902299,803.0173591911321,9.040388929413206
JJA,1994,1994-06-01,1994-09-01,92.0,2208.0,92,2208,92,1,28.242578907042596,34.38658831655517,21.294292218093183,691.2702036030255,7.513806560902426,13.74538292110706,2.3964513824857567,3.1001133552131463,567.0513840937446,823.2143898914181,9.814139038150751
JJA,1995,1995-06-01,1995-09-01,92.0,2208.0,92,2208,92,1,28.354092869140548,34.50531417048975,21.2413462654386,685.7263118481625,7.4535468679148495,13.76702013618347,2.2698652479294146,3.123359901376033,571.8299530107109,809.8860745342854,8.947310150369317
JJA,1996,1996-06-01,1996-09-01,92.0,2208.0,92,2208,92,1,27.690995087439813,33.7113908208697,20.716084252466658,686.1693964539008,7.458363004933754,13.678269046557212,2.3874570227683933,3.014666646443731,557.1603764942406,817.2338016910114,7.201910434371915
JJA,1997,1997-06-01,1997-09-01,92.0,2208.0,92,2208,92,1,28.558229923309618,34.710165316465215,21.515028371655156,686.814516492294,7.465375179264045,13.657058472763511,2.250297557160467,3.1685435771810075,572.3466786322871,812.7742548028467,9.150591220588735
JJA,1998,1998-06-01,1998-09-01,92.0,2208.0,92,2208,92,1,28.55080571925981,34.52775699769859,21.586898079402967,694.6057907668117,7.5500629431175215,13.798274363445989,2.339184763536622,3.1383945752227445,567.484309608035,827.0538952558699,7.543023655549014
JJA,1999,1999-06-01,1999-09-01,92.0,2208.0,92,2208,92,1,28.493350344196045,34.59997765369535,21.376537170264385,691.9104107535939,7.520765334278202,13.717344193779915,2.278801225952429,3.2010870364567694,573.3972104489291,823.9402486669187,7.785838182803328
JJA,2000,2000-06-01,2000-09-01,92.0,2208.0,92,2208,92,1,28.060647486711996,34.24916138921674,20.72510070144845,703.4811764314953,7.646534526429193,13.701555263883487,2.389523189683411,3.1679307974528657,573.2078980436627,833.1509802879707,7.295990879595237
JJA,2001,2001-06-01,2001-09-01,92.0,2208.0,92,2208,92,1,28.31773242066637,34.51448800026537,21.09419375829874,701.9200121515947,7.629565349473847,13.70891745556206,2.3946647668016374,3.184082673178787,574.990011167446,835.3053574030503,8.057248503378059
JJA,2002,2002-06-01,2002-09-01,92.0,2208.0,92,2208,92,1,28.330802431952193,34.49048111348465,21.06610938470558,697.8758094237022,7.585606624170694,13.694717187974359,2.3371705136589607,3.2131007867804957,575.5310928928923,830.0381452229237,6.65473524567637
JJA,2003,2003-06-01,2003-09-01,92.0,2208.0,92,2208,92,1,28.29394354910008,34.47440893448764,21.11947535528508,697.6032131921935,7.582643621654277,13.789124449047549,2.3568729692185757,3.152327922949418,573.9784250244948,829.5437333035252,10.235025546733818
JJA,2004,2004-06-01,2004-09-01,92.0,2208.0,92,2208,92,1,28.006779051637526,34.153319832535146,20.820516091446663,694.7288893748275,7.551400971465511,13.640429002575756,2.3554368681871236,3.1257584113137984,568.4611493237152,824.4046389638585,9.32900970913623
JJA,2005,2005-06-01,2005-09-01,92.0,2208.0,92,2208,92,1,28.451426591473115,34.52405752860021,21.45134669851581,700.760716702242,7.616964311980871,13.813526240702464,2.3621076016713665,3.17247774902411,569.7183521626639,834.4066198961704,8.148911508841406
JJA,2006,2006-06-01,2006-09-01,92.0,2208.0,92,2208,92,1,28.751773328324845,34.907830500172516,21.52976203045578,719.1024733641093,7.816331232218587,13.717723562307064,2.4128342862683136,3.2951636636400488,579.2395021788083,853.2455465458012,5.9978124362612455
JJA,2007,2007-06-01,2007-09-01,92.0,2208.0,92,2208,92,1,28.25905288263577,34.201052099636925,21.412193227579166,692.954393846744,7.532112976595056,13.642119008943764,2.4060627275979187,3.0742746368462814,560.6405687070608,828.5695396972816,10.205944572174483
JJA,2008,2008-06-01,2008-09-01,92.0,2208.0,92,2208,92,1,28.66914413815314,34.800084743878585,21.546995737967197,713.8346132285599,7.759071882919131,13.595677794730504,2.4492371514153004,3.272903758635808,575.251320215415,849.0397555440802,7.709053056885675
JJA,2009,2009-06-01,2009-09-01,92.0,2208.0,92,2208,92,1,28.263210732206307,34.3932604787314,21.15717375883787,697.6669698789658,7.583336629119206,13.622748608743759,2.3483601899386146,3.212010004733922,570.8965960764859,829.7438913664031,11.43850108384426
JJA,2010,2010-06-01,2010-09-01,92.0,2208.0,92,2208,92,1,28.88970074349284,34.98271469951582,21.69883127828214,709.3610960506181,7.710446696202381,13.685188784874297,2.323864728007326,3.304585159907858,579.5203586808776,844.4865813267068,8.682230209734977
JJA,2011,2011-06-01,2011-09-01,92.0,2208.0,92,2208,92,1,28.986508381936062,35.05859815423726,21.902414892299827,711.7842737766827,7.736785584529171,13.586889198069859,2.4062694099146356,3.3190766843439126,578.4304471307971,847.275827089302,10.6682792981549
JJA,2012,2012-06-01,2012-09-01,92.0,2208.0,92,2208,92,1,28.199289979007066,34.179941518171894,21.105644386943,701.1389817652396,7.62107588875261,13.593204797147894,2.4041643424556645,3.159894911682496,565.1648232482694,834.0328053666859,10.319281649585406
JJA,2013,2013-06-01,2013-09-01,92.0,2208.0,92,2208,92,1,28.30941258788447,34.45471623886319,21.26926645062542,698.8166419196045,7.595833064343549,13.798082806972763,2.388716915358099,3.125782715447124,570.142891270163,834.9969012253446,8.553984859574157
JJA,2014,2014-06-01,2014-09-01,92.0,2208.0,92,2208,92,1,28.723466263637462,34.84700921719669,21.530261259193338,711.5552097249752,7.73429575788016,13.617571032698335,2.378972073839534,3.287283557528703,577.8618357807421,846.2776968353783,8.746733904927243
JJA,2015,2015-06-01,2015-09-01,92.0,2208.0,92,2208,92,1,28.961127797951495,35.009757230795046,21.763130292537152,717.3222724432554,7.7969812222092845,13.593219340202833,2.424159561453375,3.31514016197154,579.5226981704533,854.5568441450708,7.394588854212019
JJA,2016,2016-06-01,2016-09-01,92.0,2208.0,92,2208,92,1,28.340064116283944,34.38310986905661,21.156418880044615,701.9943803834454,7.630373699820075,13.671884937862846,2.402137234916531,3.168504452010124,570.3801184665575,834.8587387698092,10.982375434575985
JJA,2017,2017-06-01,2017-09-01,92.0,2208.0,92,2208,92,1,28.746404837875428,34.919063009718585,21.41389872149122,716.5259791188364,7.788325859987352,13.69733693817752,2.3886500826653068,3.316324025194711,582.5503038279708,849.1855940203761,6.424912970289463
JJA,2018,2018-06-01,2018-09-01,92.0,2208.0,92,2208,92,1,29.317937211292925,35.476561745359064,22.076653729720867,723.2177435675608,7.861062430082119,13.707877712846688,2.3838785545764245,3.406721812559308,587.2227621368052,857.7588997484361,10.561279323761251
JJA,2019,2019-06-01,2019-09-01,92.0,2208.0,92,2208,92,1,29.190807729982577,35.33764808110469,22.036026684933486,715.7715884116539,7.78012596099626,13.717287869477115,2.372921562338252,3.352544597807115,583.5427354925009,853.6625028499466,11.043480411905575
JJA,2020,2020-06-01,2020-09-01,92.0,2208.0,92,2208,92,1,28.675351972667578,34.698652884855825,21.72516156901653,698.1848270680841,7.588965511609616,13.675825704614613,2.350420570089714,3.2068806229070104,569.6051431766256,840.272233795341,12.40227873939046
JJA,2021,2021-06-01,2021-09-01,92.0,2208.0,92,2208,92,1,29.39539906047314,35.47724677994367,22.235559039073994,713.1207723823608,7.751312743286553,13.55056337949617,2.310535693588119,3.4151506877107716,584.6481972296825,848.7738666212548,10.232389511007423
JJA,2022,2022-06-01,2022-09-01,92.0,2208.0,92,2208,92,1,28.505096395647197,34.59608833899033,21.424713183217076,699.3989157720993,7.602162127957659,13.717875215677696,2.336035066162874,3.1752614721098733,571.4231642514331,834.4863647573682,12.461784704559708
JJA,2023,2023-06-01,2023-09-01,92.0,2208.0,92,2208,92,1,29.14474637360917,35.234090160875745,22.079949947907544,707.4284828661456,7.6894400311537465,13.726787071464592,2.3195302809974514,3.3169802481135213,579.8166766416579,845.6528306456127,12.449780765701838
JJA,2024,2024-06-01,2024-09-01,92.0,2208.0,92,2208,92,1,29.612246707583715,35.59743546499212,22.780497611734873,705.6095626124846,7.669669158831366,13.674202853673087,2.3297055798476065,3.3508369013404655,576.7055326224691,849.8530712939978,15.186292761419663
JJA,2025,2025-06-01,2025-09-01,92.0,2208.0,92,2208,92,1,29.03027390362143,35.203002143957995,21.85674625705969,715.7215503235203,7.779582068733899,13.70737801909214,2.3911335299461602,3.3423244130289884,581.9888647851365,853.9681252514772,9.130927064124005
June,1991,1991-06-01,1991-07-01,30.0,720.0,30,720,30,1,26.88106478748125,33.098314147033896,19.413418631837263,226.38825057559563,7.546275019186422,14.492499832625027,2.2688113994941084,2.984178319315899,190.97351745907795,263.91721034080365,2.2758041002758933
June,1992,1992-06-01,1992-07-01,30.0,720.0,30,720,30,1,26.355898884300146,32.43145068369365,19.0211869153241,214.89972557588973,7.16332418586301,14.242639588532146,2.0649525139747458,2.8747459677188196,187.09959620386704,247.65043728818753,4.78710495805737
June,1993,1993-06-01,1993-07-01,30.0,720.0,30,720,30,1,26.682567739657475,32.91032281670454,19.1514136897269,222.6767782988808,7.422559276629307,14.49927533845749,2.2171784167744963,2.946729122690331,190.86266912483833,258.7245274003462,3.6709429308248156
June,1994,1994-06-01,1994-07-01,30.0,720.0,30,720,30,1,26.98271874270672,33.17262580008696,19.649344007306365,225.6389699289063,7.521298997630243,14.267047699642971,2.338769811627605,3.032254946925166,190.58418927592248,265.52710047054177,3.395030982717046
June,1995,1995-06-01,1995-07-01,30.0,720.0,30,720,30,1,26.329892634596558,32.31303813693384,19.012714728936547,215.5079509419251,7.183598364730784,14.476339825554525,2.092141682040716,2.8036916716906055,186.20282992176996,251.95222197425596,3.46608812205135
June,1996,1996-06-01,1996-07-01,30.0,720.0,30,720,30,1,26.796827824264913,32.84950910233288,19.701091320656882,223.31425605879173,7.443808535293076,14.325402534712705,2.344975508987583,2.889598206473887,186.81721920708046,263.45380638515746,2.581876348244501
June,1997,1997-06-01,1997-07-01,30.0,720.0,30,720,30,1,27.10222162230374,32.971062134791616,20.090307539109435,215.92282425911432,7.197427475303756,14.280923400554794,2.088351889513325,2.8547923997217515,185.97439166712712,254.3330692634021,3.960054595168393
June,1998,1998-06-01,1998-07-01,30.0,720.0,30,720,30,1,27.46728516050311,33.495376415691446,20.14444794248236,231.5234069343826,7.717446897812722,14.507640739608394,2.332378561566356,3.04220146395812,190.86261874047645,270.947278863623,2.07650082296347
June,1999,1999-06-01,1999-07-01,30.0,720.0,30,720,30,1,28.084776638154228,34.45554458334837,20.46721500817636,233.87119771818186,7.795706590606121,14.397178927255945,2.271110664173007,3.2879187330210904,198.41190737030826,273.3755314589901,2.3464670218464443
June,2000,2000-06-01,2000-07-01,30.0,720.0,30,720,30,1,26.955945774694225,33.32369091842504,19.223663780436382,232.29190613255227,7.743063537751714,14.426982935193893,2.3656382694894695,3.086572494134346,194.25967658870675,272.6220813757215,2.8564630192792997
June,2001,2001-06-01,2001-07-01,30.0,720.0,30,720,30,1,27.592776370600482,33.848762062314464,20.086100331587218,232.8935005727758,7.763116685759223,14.346195012764017,2.3929174920249006,3.1562704272640083,194.4282935674613,274.8228733528037,2.7753463154040707
June,2002,2002-06-01,2002-07-01,30.0,720.0,30,720,30,1,27.25558655154633,33.47792418081362,19.63946617649662,230.3042523404413,7.676808411348055,14.445575793942037,2.341070910873557,3.097214091667029,193.80811317836276,271.4067658852115,1.9981508921427555
June,2003,2003-06-01,2003-07-01,30.0,720.0,30,720,30,1,27.00565229218639,33.25307573664636,19.40374282419016,226.51282732826462,7.550427577608835,14.410029664834223,2.2739613610517004,3.0568546797382252,192.999314502911,265.8343543061025,4.0234515684229475
June,2004,2004-06-01,2004-07-01,30.0,720.0,30,720,30,1,27.42590374344448,33.615093692749994,19.91906279523688,233.21355977906654,7.773785325968858,14.300243313448805,2.3689165559391174,3.139828712889815,193.41602686153854,274.23983165670467,2.880660520701479
June,2005,2005-06-01,2005-07-01,30.0,720.0,30,720,30,1,27.292006016534877,33.480909448837366,19.894134116607265,227.8489047531517,7.594963491771675,14.482176889967795,2.301872268277247,3.057874886109307,192.10847918613646,267.4581099990108,3.542213606444795
June,2006,2006-06-01,2006-07-01,30.0,720.0,30,720,30,1,28.048460701036888,34.21277855673794,20.558826958585353,237.62551878352113,7.920850626117343,14.46682426513701,2.3611959909032767,3.227008816426932,195.34306330117207,277.95230472814694,1.6878144690496155
June,2007,2007-06-01,2007-07-01,30.0,720.0,30,720,30,1,27.770919556261966,33.68617962126133,20.86474205170209,225.03209815084566,7.501069938361535,14.365338206809248,2.3226435188582397,2.952429337699364,188.26416491343946,267.983974315518,5.3369298772974965
June,2008,2008-06-01,2008-07-01,30.0,720.0,30,720,30,1,28.24453643136727,34.549075448101675,20.863138950082742,240.96438819839997,8.032146273280043,14.347282102584819,2.5187634980582096,3.3054171744758483,196.78026054413567,284.42840985423436,2.940471653192103
June,2009,2009-06-01,2009-07-01,30.0,720.0,30,720,30,1,26.089751192087455,31.925490221009234,18.9506687194869,219.86945030418158,7.328981676806044,14.222704136227385,2.252984970367383,2.8314370933894994,182.7418037248621,259.9777090721504,6.612910882610471
June,2010,2010-06-01,2010-07-01,30.0,720.0,30,720,30,1,28.469248110146857,34.60153060050139,20.979291954490872,233.57765629207833,7.785921876402538,14.382506152779145,2.2152807888481156,3.2736624791006514,196.96146008903565,273.35070699987455,3.2634673608155356
June,2011,2011-06-01,2011-07-01,30.0,720.0,30,720,30,1,28.685191710354946,34.88736418184975,21.236246117824777,236.89887462958163,7.896629154319433,14.2893999035295,2.333427719726729,3.366154944848276,198.30483901537625,277.2534100533494,4.464138418559305
June,2012,2012-06-01,2012-07-01,30.0,720.0,30,720,30,1,26.911183814187233,32.80159541906609,19.732187391799798,228.94640105631248,7.631546701877096,14.318902250206563,2.4173704634907214,2.938215078119083,186.59628696462227,271.4011413655288,4.636932267209826
June,2013,2013-06-01,2013-07-01,30.0,720.0,30,720,30,1,27.53688491556226,33.70560522469857,20.243927729914304,234.18034368965735,7.806011456321889,14.521175792099006,2.4094074569025103,3.06870976302318,191.94481255135287,277.53913553858695,2.748928519087709
June,2014,2014-06-01,2014-07-01,30.0,720.0,30,720,30,1,27.929317984403735,33.98459779187819,20.562887818306464,235.63339250633845,7.854446416877927,14.245210046278308,2.3909176002139807,3.2051529259949096,193.51302909609527,277.0717754569202,4.224502096728294
June,2015,2015-06-01,2015-07-01,30.0,720.0,30,720,30,1,28.834587463947074,35.00803682272449,21.365632245259423,243.31387252121513,8.110462417373821,14.342123550051786,2.419539293734201,3.377950257113452,198.6436079552838,286.5593055300382,1.990893243366182
June,2016,2016-06-01,2016-07-01,30.0,720.0,30,720,30,1,27.248129107622503,33.29325950792953,19.81463494424594,230.63874045464226,7.687958015154682,14.430999178672579,2.4048067195544856,3.016946539647732,191.0376346036766,271.6673550033724,4.946534398026631
June,2017,2017-06-01,2017-07-01,30.0,720.0,30,720,30,1,28.541342264473123,34.91387501219346,20.87970359997514,240.1125594037642,8.003751980125493,14.529763826062803,2.353077630808864,3.3722349008709265,200.55270026820295,281.52781850423526,2.218450289241436
June,2018,2018-06-01,2018-07-01,30.0,720.0,30,720,30,1,28.27019865810423,34.35419443042515,20.91604211839451,234.5254823087698,7.817516076958946,14.475778854251171,2.268141406440754,3.2443925683278034,195.22387367627528,276.38194843179093,4.246438571854731
June,2019,2019-06-01,2019-07-01,30.0,720.0,30,720,30,1,28.4424358488285,34.51184810819804,21.055773242233922,233.0846435518401,7.76948811839462,14.499651582416718,2.2312778011660686,3.240957126626963,195.6352965327402,274.5455338966163,3.9998338919309315
June,2020,2020-06-01,2020-07-01,30.0,720.0,30,720,30,1,28.46584813120579,34.68940822736557,21.00327824924672,236.84615236806377,7.894871745602109,14.46696029536127,2.3001965799583637,3.3159120189998776,197.6544955320608,279.7771051438445,3.046560160524588
June,2021,2021-06-01,2021-07-01,30.0,720.0,30,720,30,1,29.363469992821788,35.77709723935421,21.588514660493548,243.40984551255798,8.11366151708529,14.31083921785915,2.2689963093436103,3.5967964813970204,204.99091753038388,283.77920831142035,2.032262661623659
June,2022,2022-06-01,2022-07-01,30.0,720.0,30,720,30,1,28.667019384878788,34.85955426858167,21.077987498357267,236.28469693155697,7.876156564385271,14.459958318017986,2.2539746024952048,3.348507736865654,199.12075228042247,276.38084788481393,2.8627304443665595
June,2023,2023-06-01,2023-07-01,30.0,720.0,30,720,30,1,28.519931274746884,34.59609099809949,21.337933857087048,229.56294941493528,7.652098313831194,14.394192030267822,2.1954345111786098,3.2324848179367622,194.80632231408435,273.0953423926075,5.390631798190299
June,2024,2024-06-01,2024-07-01,30.0,720.0,30,720,30,1,28.33652779100404,34.21270337502365,21.254384194050086,227.38365331573087,7.5794551105244485,14.344657608708502,2.1933104955507305,3.155645528080806,191.76070729067052,269.4770013736317,7.4411744423447175
June,2025,2025-06-01,2025-07-01,30.0,720.0,30,720,30,1,27.676370695761175,33.96305945578478,20.12664851039196,235.00394617587472,7.833464872529193,14.440563668284286,2.371265455281034,3.2130426098981064,195.53370233007104,277.42529481695004,3.294843237632836
June,2026,2026-06-01,2026-07-01,30.0,720.0,30,720,30,1,28.092485620321387,34.22732002588201,20.770166501772643,233.2033213963081,7.773444046543565,14.56821526446962,2.297289120357112,3.175085490148897,194.58768691615998,274.3591430735955,4.818768889392523
MAM,1991,1991-03-01,1991-06-01,92.0,2208.0,92,2208,92,1,16.191255718471083,21.707075588276982,9.848258692846558,428.9022181709777,4.661980632293288,11.891936288765352,2.0167000211035284,1.3355398286641174,370.70056004373777,502.94514057844634,72.95705322609051
MAM,1992,1992-03-01,1992-06-01,92.0,2208.0,92,2208,92,1,13.717871481954774,19.12286191673657,7.475347632429082,395.17287153209907,4.295357299261927,11.754456195006036,1.9991845303185682,1.1425357118752202,341.548459743887,453.0346560836073,68.88246189342982
MAM,1993,1993-03-01,1993-06-01,92.0,2208.0,92,2208,92,1,15.927685914990453,21.47092741272629,9.522487284934991,428.3635046543191,4.6561250505904095,11.80136517705993,2.0353782162791125,1.3592457481055344,368.2996578535753,499.09069005067124,69.8017340144103
MAM,1994,1994-03-01,1994-06-01,92.0,2208.0,92,2208,92,1,17.25968396084261,22.935493291350884,10.594493481792064,450.5402884097902,4.897177047932464,11.819756715804319,1.951899003837787,1.5317729580221664,387.3081807938344,530.6015552787242,58.6357652906869
MAM,1995,1995-03-01,1995-06-01,92.0,2208.0,92,2208,92,1,16.313910940498207,21.88719580826523,9.82811564954873,428.7638417590051,4.660476540858738,11.71312964623625,1.91117433223886,1.3537188970902663,369.9393229793937,509.5263279817036,68.41854894078685
MAM,1996,1996-03-01,1996-06-01,92.0,2208.0,92,2208,92,1,15.908543854331247,21.22271753593032,9.818501803992305,411.0821370687229,4.468284098573056,11.724481931693992,1.9456678635135627,1.2853917480794093,362.79902092820856,478.0485974620103,64.56027236916584
MAM,1997,1997-03-01,1997-06-01,92.0,2208.0,92,2208,92,1,15.3501676748814,20.926930906263163,8.853387358468053,424.12388765642476,4.610042257135026,11.883362037092148,2.063982817937645,1.2963889848025094,362.53114272090494,499.29332742626497,67.85438239860031
MAM,1998,1998-03-01,1998-06-01,92.0,2208.0,92,2208,92,1,17.211873942146173,22.93810823201995,10.585554556275257,458.7477408283838,4.986388487265106,11.912077732346855,2.0773516811179142,1.542856448067747,388.48202747913155,531.1200330757972,66.13409932861796
MAM,1999,1999-03-01,1999-06-01,92.0,2208.0,92,2208,92,1,17.242971555599883,23.129803162052582,10.375619706195772,474.20700185178424,5.154423933171586,11.888766488909846,2.0947587731840502,1.6465927569502934,395.95457782561687,564.0833137709265,72.89272718137126
MAM,2000,2000-03-01,2000-06-01,92.0,2208.0,92,2208,92,1,18.927782267697335,25.112086534458342,11.577467588965861,514.4374937842276,5.591711888959016,11.891209670158753,2.1079532655742774,1.9739611585146097,426.7930985068991,602.7147143600384,52.60494910385584
MAM,2001,2001-03-01,2001-06-01,92.0,2208.0,92,2208,92,1,19.17580458706196,25.306269153830332,11.925220406821689,503.15479309640887,5.469073838004471,11.78226524695024,2.0869589872962497,1.8864793120186054,423.1247455142703,593.6194359112235,61.91166820997709
MAM,2002,2002-03-01,2002-06-01,92.0,2208.0,92,2208,92,1,17.63165939828874,23.517243770487465,10.729060392006774,469.35372697420655,5.101670945371788,11.588046594955282,2.1448470097775085,1.6335334792689769,396.61927083310167,553.3440640239314,89.8909968097931
MAM,2003,2003-03-01,2003-06-01,92.0,2208.0,92,2208,92,1,16.60977255528438,22.351584212454856,9.835254639060498,451.7817057321418,4.910670714479811,11.700226248121966,2.1287920290577644,1.4967778502868818,382.69818735618463,530.9412830131783,92.69604943868322
MAM,2004,2004-03-01,2004-06-01,92.0,2208.0,92,2208,92,1,17.756238638671498,23.641157077548208,10.802567818489713,477.48523189766195,5.19005686845286,11.724593991538097,2.1317468326598514,1.657388397119089,399.60998777933486,562.5340987847885,84.24757774680249
MAM,2005,2005-03-01,2005-06-01,92.0,2208.0,92,2208,92,1,17.169074354595736,22.870930531944715,10.589810868432483,452.81519285584693,4.92190427017221,11.873112488437524,2.0398278815479145,1.5007152561972672,383.9402765843478,535.8676608751887,86.1596276733485
MAM,2006,2006-03-01,2006-06-01,92.0,2208.0,92,2208,92,1,18.539565583974955,24.43875861193095,11.659526283423578,481.5075434810879,5.233777646533556,11.810241561753422,2.045550555459885,1.7248427412244907,406.1558420093634,570.5350563329811,74.28109798161675
MAM,2007,2007-03-01,2007-06-01,92.0,2208.0,92,2208,92,1,17.09566893800147,22.73186540325125,10.537789933134619,450.11279038351233,4.892530330255597,11.681989287690163,2.075491373827271,1.5414208734579418,385.1666916780211,523.9529882685597,122.67121566326864
MAM,2008,2008-03-01,2008-06-01,92.0,2208.0,92,2208,92,1,19.679925154208842,25.837712160615506,12.396348335418711,518.5810376478533,5.636750409215798,11.747482752264201,2.0986801973280635,1.9843571167482674,428.69364382323465,609.723521583286,42.493269526428925
MAM,2009,2009-03-01,2009-06-01,92.0,2208.0,92,2208,92,1,17.256672632098905,23.00935773992571,10.571563683795038,460.94450703536904,5.010266380819255,11.627834144207743,2.168424843384115,1.5871111916857246,387.5080487220453,548.2210210121747,106.33411412694693
MAM,2010,2010-03-01,2010-06-01,92.0,2208.0,92,2208,92,1,18.954912165102858,24.84412918434822,12.146014245961533,480.42277845265835,5.221986722311468,11.625483461162354,2.0647269142839235,1.7451720664871337,408.48835549209394,567.1046629190854,86.75727183707498
MAM,2011,2011-03-01,2011-06-01,92.0,2208.0,92,2208,92,1,18.02948155641012,23.832592163012336,11.269863162232449,475.9221516087699,5.173066865312747,11.68613583972373,2.077097034994572,1.7132935230983088,399.9807962611486,561.265426624181,83.82744802327542
MAM,2012,2012-03-01,2012-06-01,92.0,2208.0,92,2208,92,1,17.213022619114163,23.00010732438369,10.360433479777821,473.9312850771805,5.151427011708459,11.902501291025573,2.1425593765391273,1.6184703135351675,392.6884914572198,554.8075387179266,69.44607313942517
MAM,2013,2013-03-01,2013-06-01,92.0,2208.0,92,2208,92,1,17.456482934021903,23.23113373758481,10.725992124608998,468.80819361256675,5.095741234919242,11.846932624925836,2.1255248209195012,1.5404628034198413,387.65670429216686,562.2576775070061,78.51475429943476
MAM,2014,2014-03-01,2014-06-01,92.0,2208.0,92,2208,92,1,17.623086174853384,23.29597541004653,10.971396606694034,458.97438668161226,4.988852029147898,11.812620369098543,2.0592619708717237,1.5470972985342564,389.3043098642651,547.2794113190453,83.87239710213636
MAM,2015,2015-03-01,2015-06-01,92.0,2208.0,92,2208,92,1,18.086080894123988,23.899371197342848,11.151561111797292,476.1821436565213,5.175892865831808,11.733271870696479,2.1080724097629435,1.7046049350120391,403.45369352024323,566.6191626193398,65.44910357465733
MAM,2016,2016-03-01,2016-06-01,92.0,2208.0,92,2208,92,1,18.230247367747506,23.93895909930981,11.575018524620248,467.23680771529695,5.078660953427155,11.807895062615648,2.06651235772795,1.625998872076908,398.53507861339426,557.353395693064,88.86763643381894
MAM,2017,2017-03-01,2017-06-01,92.0,2208.0,92,2208,92,1,18.317988043073587,24.138882749466163,11.557362763977828,473.96986427072864,5.151846350768798,11.734482082051095,2.078908574124656,1.7068994967090518,404.3059122350676,557.7853367087467,85.1299267704914
MAM,2018,2018-03-01,2018-06-01,92.0,2208.0,92,2208,92,1,18.300802197818854,24.097663450203004,11.555857233056539,470.28495006586127,5.1117929354984915,11.68889384357646,2.0788424820667077,1.6151572466281452,396.52951983906416,563.151923192967,83.78393025891184
MAM,2019,2019-03-01,2019-06-01,92.0,2208.0,92,2208,92,1,16.287148161752643,21.738198602505474,10.007405066702054,425.2046075016142,4.621789211974094,11.73978459263356,2.0594186770802243,1.3311069207275297,367.0044581011117,501.9860750836724,149.61222230522006
MAM,2020,2020-03-01,2020-06-01,92.0,2208.0,92,2208,92,1,16.982790983735036,22.526519974277733,10.57439975849398,438.71369238364474,4.768627091126592,11.771396918524337,2.0190430985197776,1.4294061249419088,379.4506163332183,517.5421880308498,115.87724971564799
MAM,2021,2021-03-01,2021-06-01,92.0,2208.0,92,2208,92,1,19.432411994235945,25.406154358093456,12.33928351244627,499.28752974630595,5.427038366807645,11.719282348659087,2.060879428885417,1.884350748155612,419.86868939950546,595.0074869927425,57.75654152817712
MAM,2022,2022-03-01,2022-06-01,92.0,2208.0,92,2208,92,1,18.87318943551361,24.915110700610533,11.782350352952953,506.8918109906645,5.509693597724675,11.678365802289525,2.2050926993778157,1.8639647213314765,415.390715104817,601.4922035174275,60.390545521120345
MAM,2023,2023-03-01,2023-06-01,92.0,2208.0,92,2208,92,1,18.6268815150879,24.386983583235157,11.836468781329597,473.9844128645412,5.152004487658077,11.741496668690562,2.0050044052291294,1.6750342431962715,401.46613570385404,567.6779959207031,75.90882596285871
MAM,2024,2024-03-01,2024-06-01,92.0,2208.0,92,2208,92,1,17.02133112039809,22.534408467004877,10.614706710344182,438.2402625818785,4.763481115020406,11.867056687693653,2.0154195719428483,1.3912887068632824,376.56588640050137,522.7798786132232,98.13562343812484
MAM,2025,2025-03-01,2025-06-01,92.0,2208.0,92,2208,92,1,19.778892481181405,25.762860389332165,12.689720660819924,506.83579239474096,5.50908469994284,11.676540473170771,2.0606067302880424,2.002272309751275,427.9199359002228,599.1250771084624,66.31297300103593
MAM,2026,2026-03-01,2026-06-01,92.0,2208.0,92,2208,92,1,17.614556197500935,23.215123928113368,11.141730338323708,461.39931475308885,5.015209942968355,11.782455423304478,2.1362665712500313,1.5650166624298298,388.10898206371195,551.0350414777042,130.28407330796213
SON,1991,1991-09-01,1991-12-01,91.0,2184.0,91,2184,91,1,18.074758798116154,23.90283634817997,11.97223910634908,344.6493461776535,3.7873554525016933,7.193172454315062,1.6722882800543695,1.6153839958889213,288.787080015498,427.59323151687585,18.560234819415747
SON,1992,1992-09-01,1992-12-01,91.0,2184.0,91,2184,91,1,17.6239221459828,23.770145821204427,11.174997107813386,348.8973001148431,3.8340362649983004,6.975056578260348,1.7721721399748314,1.6377199808323164,288.2518377434873,429.4639306646383,21.019343758911084
SON,1993,1993-09-01,1993-12-01,91.0,2184.0,91,2184,91,1,17.580625077593986,23.45825826767623,11.417188196151043,352.0353404258689,3.8685202244600885,7.085301190134059,1.8098025592383153,1.6568741575751549,289.12564622889977,436.13658943216427,31.75358754323359
SON,1994,1994-09-01,1994-12-01,91.0,2184.0,91,2184,91,1,17.699926976758928,23.255762237805556,11.868223096325961,340.45619326240103,3.7412768490374124,7.226112718967712,1.8116125457860621,1.4802929711626478,277.1570908712481,425.2161808602197,44.60901032156876
SON,1995,1995-09-01,1995-12-01,91.0,2184.0,91,2184,91,1,18.22973659131667,24.378143471792697,11.755027032615658,360.234446677404,3.9586202931582726,7.067904353320384,1.769407591079556,1.737525965479674,296.6612062246121,447.48208327795453,18.86764781467577
SON,1996,1996-09-01,1996-12-01,91.0,2184.0,91,2184,91,1,18.07388868956972,24.152941090939912,11.734882677304247,353.53047798933477,3.884950307575103,6.994638929036005,1.7171517213394265,1.735630780615522,294.54742146722367,438.9181583188651,19.062129802120936
SON,1997,1997-09-01,1997-12-01,91.0,2184.0,91,2184,91,1,18.22720538049394,23.90182087050934,12.256468754521281,338.17132609531274,3.7161684186297905,7.187722668227008,1.6822009659327317,1.6079171986575622,289.5634731192401,420.2598116108919,28.48488972529722
SON,1998,1998-09-01,1998-12-01,91.0,2184.0,91,2184,91,1,19.364477748712364,25.608088845793347,12.857835750817795,365.35574599170354,4.01489830760111,6.997406925509388,1.7233422806370402,1.8525183329285315,305.79096259277185,453.8173772316043,16.553781634034944
SON,1999,1999-09-01,1999-12-01,91.0,2184.0,91,2184,91,1,18.61819284364165,24.588729100750488,12.344691425248692,356.35979555714886,3.9160417094192033,7.206269378927166,1.7665732555117986,1.7216015957974606,298.3120624263306,445.8234518002326,28.3411407095865
SON,2000,2000-09-01,2000-12-01,91.0,2184.0,91,2184,91,1,17.821738455320567,23.5068086256222,11.806513820133835,340.6802247278337,3.7437387332728695,7.0661321211679295,1.7265308030359865,1.6029816427854242,285.03378781194834,426.403715997837,35.35080784034498
SON,2001,2001-09-01,2001-12-01,91.0,2184.0,91,2184,91,1,18.815154132173884,24.90452769504091,12.26829731858585,366.024853727095,4.022251139858128,7.074725547737542,1.8205162919546818,1.7838171704717145,302.94476686138694,452.79476729548895,29.530879291162133
SON,2002,2002-09-01,2002-12-01,91.0,2184.0,91,2184,91,1,19.386059687000618,25.42722221914295,12.94545289586621,361.5285724057573,3.9728414550083198,7.080851100617648,1.6716389645015355,1.8443126782002273,306.9644093100479,446.08328114178994,27.478666196614622
SON,2003,2003-09-01,2003-12-01,91.0,2184.0,91,2184,91,1,18.582403568371213,24.61289802248059,12.157164208628105,366.9640949809231,4.032572472317826,7.070539793620558,1.8149925704960013,1.7700356025947495,299.5138422185843,455.05846965679257,31.763427321613555
SON,2004,2004-09-01,2004-12-01,91.0,2184.0,91,2184,91,1,18.592525663426425,24.52598401655132,12.225527659014231,355.54908435345055,3.9071327950928487,7.062019829308306,1.7864984092246734,1.6965347247761189,295.32583377358856,442.55971689370705,39.64277112326899
SON,2005,2005-09-01,2005-12-01,91.0,2184.0,91,2184,91,1,18.726789854399723,24.69412452091143,12.476382090132164,363.6381839532808,3.996023999486606,7.092439372649707,1.7790332166712413,1.7789179083249858,299.2689640880448,449.6748658125197,31.97852972071122
SON,2006,2006-09-01,2006-12-01,91.0,2184.0,91,2184,91,1,18.79082648511353,24.55735624181227,12.680735070912176,355.694200385668,3.908727476765582,7.205745019852524,1.7864732602856404,1.701769416368671,295.99276454981054,442.27728466986497,45.73478391222126
SON,2007,2007-09-01,2007-12-01,91.0,2184.0,91,2184,91,1,18.63733630796568,24.783636423876406,12.17150019017763,373.2907856194916,4.10209654526911,6.999138760525159,1.8250967752230574,1.7946534627287887,299.30838139430506,462.482733755713,21.848820104878897
SON,2008,2008-09-01,2008-12-01,91.0,2184.0,91,2184,91,1,18.5458582853594,24.26962137873892,12.509723582821566,353.9251067284078,3.8892868871253445,7.0488863627288945,1.770180340681388,1.704593813996317,290.97821183664473,440.7144081722766,40.20732209030118
SON,2009,2009-09-01,2009-12-01,91.0,2184.0,91,2184,91,1,18.338820873739074,24.134012378269748,12.195119015681614,357.6250635190248,3.9299457529563493,7.126815179352595,1.7981454826855252,1.6768610661042216,291.55913540425394,442.72702727064495,53.49274302584333
SON,2010,2010-09-01,2010-12-01,91.0,2184.0,91,2184,91,1,19.245910478646312,25.413030199823393,12.70992715762049,371.2205007660369,4.079346162264134,6.9905885942861135,1.7349174057209427,1.8624160014843314,305.1209919582047,459.0734192449583,20.037884001159807
SON,2011,2011-09-01,2011-12-01,91.0,2184.0,91,2184,91,1,17.613075715981292,23.271438523002452,11.564592012060059,349.4078170813923,3.839646341553766,7.1757958717543655,1.820635747689928,1.6185867998875156,287.54787449044426,434.3131561245144,52.33095494531158
SON,2012,2012-09-01,2012-12-01,91.0,2184.0,91,2184,91,1,18.445761522498113,24.07984931041185,12.416515803570723,349.5108786805916,3.8407788865999204,7.079177457897036,1.7454201749954512,1.6453678107796614,288.0534779275598,436.16929747383415,58.31944577396713
SON,2013,2013-09-01,2013-12-01,91.0,2184.0,91,2184,91,1,18.645300976430903,24.40739957590797,12.497403455170648,352.6303832396022,3.875059156479161,7.133101991510789,1.7417124806398672,1.71749341566808,296.01898672316884,437.6264787436256,39.69506784452012
SON,2014,2014-09-01,2014-12-01,91.0,2184.0,91,2184,91,1,18.007616541326637,23.759837284264467,11.90354720996148,354.27535779523316,3.8931357999476517,7.178198548140319,1.821074662257731,1.6667879744441476,291.31361382814174,442.04428406699293,41.2655742251355
SON,2015,2015-09-01,2015-12-01,91.0,2184.0,91,2184,91,1,18.28088634824619,23.94425699236695,12.271023870241981,347.29098609686025,3.8163844626028705,7.243173786766098,1.8009547452360348,1.5841591887094495,287.4603181594615,433.0382659160906,45.92619412190624
SON,2016,2016-09-01,2016-12-01,91.0,2184.0,91,2184,91,1,18.48566660729422,24.464570589413025,12.145759325007763,360.9902288478518,3.9669255917346584,6.9948316579226475,1.8258568289627808,1.7740778747138308,296.9786375398998,454.0887092647235,25.499199203740424
SON,2017,2017-09-01,2017-12-01,91.0,2184.0,91,2184,91,1,19.211438356224235,25.288131793930287,12.705043318875935,371.3989362589978,4.081306991857114,7.009993320748178,1.7830959943489806,1.8570899499831774,305.4534458877934,459.9523527172986,29.908891385646587
SON,2018,2018-09-01,2018-12-01,91.0,2184.0,91,2184,91,1,18.42621460767491,23.97025331514952,12.510568732603328,347.79154528878325,3.821885113063563,7.191374391120355,1.7915464753073174,1.618913332279684,289.1837384941485,434.71972973161064,65.41523384605763
SON,2019,2019-09-01,2019-12-01,91.0,2184.0,91,2184,91,1,18.441446780154866,24.21230443894549,12.408481942182792,353.6030043776302,3.885747300853093,7.213740407484058,1.7393113156002962,1.7063748649929364,294.04415223473313,441.50853921398465,33.68042198870498
SON,2020,2020-09-01,2020-12-01,91.0,2184.0,91,2184,91,1,17.864149757973774,23.716998925777716,11.679640194130597,353.6055611633757,3.8857753973997173,6.958931343138915,1.7642275445955795,1.6799088874093002,287.1689165466047,440.7782751100165,42.62078426509593
SON,2021,2021-09-01,2021-12-01,91.0,2184.0,91,2184,91,1,18.64321141017258,24.67289845626388,12.269795631259372,364.60740954641,4.006674830180354,7.037724797875449,1.7805873852546963,1.8086950055724327,300.9117004774426,455.6833478148645,23.893130827104972
SON,2022,2022-09-01,2022-12-01,91.0,2184.0,91,2184,91,1,19.788718765509806,25.7797275228316,13.454284956963598,363.32865777142075,3.9926226128727573,7.08848245314983,1.6859076735284613,1.8597641252156691,307.05287744116373,450.3003078492587,29.054530926905503
SON,2023,2023-09-01,2023-12-01,91.0,2184.0,91,2184,91,1,20.013343625746398,25.832706174977794,13.86938624069617,367.59706070129187,4.03952813957463,7.23482521886496,1.801274785551905,1.7967096346519746,303.5267137633918,461.17208290136944,34.886964645273764
SON,2024,2024-09-01,2024-12-01,91.0,2184.0,91,2184,91,1,19.483970836546625,25.329881135952217,13.344254406156852,360.9511566803845,3.9664962272569975,7.140501046374235,1.7808780325527445,1.776587061570939,298.9278845924011,455.1421826732567,27.831565835663994
SON,2025,2025-09-01,2025-12-01,91.0,2184.0,91,2184,91,1,19.728269081815483,26.02684923643258,13.119509154550762,370.63501027876003,4.072912200865474,6.938266037101681,1.669096935269938,1.9417167019795483,310.5868173894305,462.28511894644066,15.220425455625135
