HID,cwb
2050643590,43.041677771855014
2050070510,57.484763958036986
2050070520,-107.823681640625
2050071700,69.76093401227679
2050072590,112.97042885638298
2050072920,109.57673353432283
2050828790,107.06317893206854
2050816870,149.86663229695432
2050773470,252.18889393153526
2050735780,284.08044149709303
2050723860,164.20819091796875
2050724600,-1.6127085966222428
2050724400,-9.595262999928325
2050816210,31.3098876953125
2050868260,-25.36504189898859
2050883660,11.432634527033025
2050883650,-2.0777926635742188
2050884650,-30.885776028774753
2050884680,-22.775873093377974
2050085570,-3.237462371416147
2050085590,-8.249660661401776
2050085620,-26.752986694955585
2050085630,35.54044220753205
2050085640,10.449879964192709
2050085680,-14.071455355279634
2050085690,103.81607912561576
2050085700,-14.960435798757928
2050085730,15.378536838717228
2050085740,-40.8428675100344
2050085780,10.952207737806848
2050085820,5.28907280463677
2050085830,-7.825805274061501
2050085870,-13.307533939549181
2050085930,48.146440729748605
2050085980,-7.770826908580044
2050085990,14.63006591796875
2050086100,-10.57400894165039
2050086120,-29.762277592124278
2050086240,22.30593532986111
2050086340,-25.430229373094512
2050086480,-17.404701847600712
2050086540,8.440501898107394
2050086720,-7.98177514486755
2050086730,-25.13199508101852
2050086900,-29.49387315883758
2050088060,-38.31876898871528
2050089360,-49.44115048363095
