hybas_id,frac_in_iran
2050065840,0.993394
2050065960,1.0
2050065970,0.816671
2050066030,0.673163
2050070060,0.513358
2050070510,0.999991
2050070520,0.998698
2050071690,0.187251
2050071700,0.995701
2050072590,0.999988
2050072600,0.983744
2050072920,0.999998
2050072930,0.994099
2050073570,0.153005
2050085500,0.006287
2050085550,0.013683
2050085570,1.0
2050085590,1.0
2050085620,1.0
2050085630,1.0
2050085640,0.206917
2050085680,1.0
2050085690,0.986973
2050085700,1.0
2050085730,1.0
2050085740,1.0
2050085780,1.0
2050085820,0.316208
2050085830,0.66759
2050085870,1.0
2050085930,1.0
2050085980,1.0
2050085990,0.0012
2050086100,0.505659
2050086120,1.0
2050086240,0.954786
2050086340,1.0
2050086480,1.0
2050086540,1.0
2050086720,1.0
2050086730,1.0
2050086900,1.0
2050088060,1.0
2050089360,1.0
2050643590,0.384338
2050669810,0.224756
2050671620,0.268488
2050672290,0.386126
2050723860,0.000804
2050724400,1.0
2050724600,0.268899
2050735780,0.242753
2050773470,0.531786
2050784690,0.324081
2050807200,0.456646
2050816210,0.002189
2050816320,0.413541
2050816870,0.978868
2050828780,0.035662
2050828790,0.999999
2050868170,0.0
2050868260,0.635967
2050883650,0.934488
2050883660,0.018392
2050884650,1.0
2050884680,1.0
