season_year,precipitation_mm
2001,83.91652129533355
2002,132.78942277726907
2003,105.2918483773382
2004,131.5082434453078
2005,158.6005577528506
2006,115.65968407329436
2007,113.98637344068656
2008,92.18323526075471
2009,72.02947506860347
2010,116.60820911719296
2011,109.60801139539674
2012,74.94984874707934
2013,101.08204063461189
2014,79.29713818198552
2015,66.94212444658054
2016,81.11245077643348
2017,124.37352039036114
2018,64.94697310161752
2019,112.69318439562431
2020,138.15863298250758
2021,53.30726807854895
2022,92.27376362419488
2023,100.57740438684284
2024,74.26770640431198
2025,40.21448579297427
2026,141.46524933991844
