season,season_year,RootMoist_inst,SoilMoi0_10cm_inst,n_images,days_expected,start_date,end_date
JJA,2000,79.51158160761626,10.52956283921547,736,92.0,2000-06-01,2000-09-01
JJA,2001,84.33905342020088,11.386568072202959,736,92.0,2001-06-01,2001-09-01
JJA,2002,94.5855658754981,11.341082074683893,736,92.0,2002-06-01,2002-09-01
JJA,2003,96.11929092413216,12.202135614561309,736,92.0,2003-06-01,2003-09-01
JJA,2004,96.69115842218335,12.191833916621201,736,92.0,2004-06-01,2004-09-01
JJA,2005,95.9789351689735,11.962464066043198,736,92.0,2005-06-01,2005-09-01
JJA,2006,90.96600434373616,11.690345954478007,736,92.0,2006-06-01,2006-09-01
JJA,2007,98.18436885038524,13.239684544234018,736,92.0,2007-06-01,2007-09-01
JJA,2008,82.5531763106491,11.155417574538573,736,92.0,2008-06-01,2008-09-01
JJA,2009,87.12561067281679,11.655273523145027,736,92.0,2009-06-01,2009-09-01
JJA,2010,91.0361013317505,12.300418021594398,736,92.0,2010-06-01,2010-09-01
JJA,2011,89.08737144145849,11.716971073633388,736,92.0,2011-06-01,2011-09-01
JJA,2012,87.28881473936512,12.233851501447381,736,92.0,2012-06-01,2012-09-01
JJA,2013,87.47322737051715,11.487031938074756,736,92.0,2013-06-01,2013-09-01
JJA,2014,85.53051541857958,11.44072547885247,736,92.0,2014-06-01,2014-09-01
JJA,2015,84.34067341034142,11.435390427440067,736,92.0,2015-06-01,2015-09-01
JJA,2016,90.77934341699573,11.982261276752897,736,92.0,2016-06-01,2016-09-01
JJA,2017,88.19074067504904,11.368028956320835,736,92.0,2017-06-01,2017-09-01
JJA,2018,87.99795390494845,11.437901519797304,736,92.0,2018-06-01,2018-09-01
JJA,2019,94.55017129124171,12.339778150926106,736,92.0,2019-06-01,2019-09-01
JJA,2020,94.71812589678575,12.054512434251855,736,92.0,2020-06-01,2020-09-01
JJA,2021,84.31247390122616,11.908880330642685,736,92.0,2021-06-01,2021-09-01
JJA,2022,86.06052264502702,12.497632293179755,736,92.0,2022-06-01,2022-09-01
JJA,2023,89.47567117894118,12.002329764796931,736,92.0,2023-06-01,2023-09-01
JJA,2024,94.46089999378427,12.381761448362832,736,92.0,2024-06-01,2024-09-01
JJA,2025,83.07138229022317,11.439565793985286,736,92.0,2025-06-01,2025-09-01
JJA,2026,90.33625658411727,11.146125560209569,736,92.0,2026-06-01,2026-09-01
