date,tws_cm,period
2002-04-17 12:00:00,4.197831672849632,pre_conflict
2002-05-10 12:00:00,4.718790120445394,pre_conflict
2002-08-16 12:00:00,0.6014032334321164,pre_conflict
2002-09-16 00:00:00,-1.802817141414284,pre_conflict
2002-10-16 12:00:00,-2.3361613147830527,pre_conflict
2002-11-16 00:00:00,-1.688537562873562,pre_conflict
2002-12-16 12:00:00,-1.4295975470917175,pre_conflict
2003-01-16 12:00:00,0.37785457686902185,pre_conflict
2003-02-15 00:00:00,2.4442605973977067,pre_conflict
2003-03-16 12:00:00,4.485870230091812,pre_conflict
2003-04-16 00:00:00,5.042176805456923,pre_conflict
2003-05-11 12:00:00,4.516077535904567,pre_conflict
2003-07-16 12:00:00,1.8443456782049803,pre_conflict
2003-08-16 12:00:00,0.06936782691418869,pre_conflict
2003-09-16 00:00:00,-0.9222521350938776,pre_conflict
2003-10-16 00:00:00,-2.717345501296993,pre_conflict
2003-11-16 00:00:00,-1.7344996605920642,pre_conflict
2003-12-16 12:00:00,1.167943519418546,pre_conflict
2004-01-07 12:00:00,2.781558580680606,pre_conflict
2004-02-17 00:00:00,5.881932795632916,pre_conflict
2004-03-16 12:00:00,4.730654398891763,pre_conflict
2004-04-16 00:00:00,6.88491294827479,pre_conflict
2004-05-16 12:00:00,5.587278950404527,pre_conflict
2004-06-16 00:00:00,3.243160510164898,pre_conflict
2004-07-16 12:00:00,2.543644390484043,pre_conflict
2004-08-16 12:00:00,0.30037330223723985,pre_conflict
2004-09-16 00:00:00,-0.548830644489579,pre_conflict
2004-10-16 12:00:00,-2.7803951311815562,pre_conflict
2004-11-16 00:00:00,-1.140618922123266,pre_conflict
2004-12-16 12:00:00,1.2890349595710073,pre_conflict
2005-01-16 12:00:00,3.985608331607095,pre_conflict
2005-02-15 00:00:00,7.505876622325123,pre_conflict
2005-03-16 12:00:00,9.926927611041299,pre_conflict
2005-04-16 00:00:00,7.4535059033121716,pre_conflict
2005-05-16 12:00:00,7.655262429424278,pre_conflict
2005-06-16 00:00:00,5.298971467121209,pre_conflict
2005-07-16 12:00:00,3.432610654625228,pre_conflict
2005-08-16 12:00:00,2.152608777354877,pre_conflict
2005-09-16 00:00:00,0.9544258217796812,pre_conflict
2005-10-16 12:00:00,-0.4696948937201681,pre_conflict
2005-11-16 00:00:00,-0.8659550009690603,pre_conflict
2005-12-16 12:00:00,-0.37231316510079576,pre_conflict
2006-01-16 12:00:00,1.8980619429211985,pre_conflict
2006-02-15 00:00:00,6.322645472907922,pre_conflict
2006-03-16 12:00:00,6.798692835109527,pre_conflict
2006-04-16 00:00:00,5.755849591576773,pre_conflict
2006-05-16 12:00:00,3.985360112664113,pre_conflict
2006-06-16 00:00:00,2.2731988398967555,pre_conflict
2006-07-16 12:00:00,0.14231802551076217,pre_conflict
2006-08-16 12:00:00,-0.9137628016215718,pre_conflict
2006-09-16 00:00:00,-2.4056323864789606,pre_conflict
2006-10-16 12:00:00,-3.7424026540425936,pre_conflict
2006-11-16 00:00:00,-2.1443438772509436,pre_conflict
2006-12-16 12:00:00,-0.671183530853362,pre_conflict
2007-01-16 12:00:00,1.1983574468365834,pre_conflict
2007-02-15 00:00:00,3.4004764749099237,pre_conflict
2007-03-16 12:00:00,3.8503864166653674,pre_conflict
2007-04-16 00:00:00,5.88694357514651,pre_conflict
2007-05-16 12:00:00,4.086465094690042,pre_conflict
2007-06-16 00:00:00,3.1898171306677914,pre_conflict
2007-07-16 12:00:00,1.1350501709878569,pre_conflict
2007-08-16 12:00:00,-0.5378827698818834,pre_conflict
2007-09-16 00:00:00,-2.6324854389987498,pre_conflict
2007-10-16 12:00:00,-3.4004173210651687,pre_conflict
2007-11-16 00:00:00,-3.73436770620654,pre_conflict
2007-12-16 12:00:00,-2.2557768627259582,pre_conflict
2008-01-16 12:00:00,-0.6000497949115328,pre_conflict
2008-02-15 12:00:00,1.1406940589694412,pre_conflict
2008-03-16 12:00:00,1.0878958861952799,pre_conflict
2008-04-16 00:00:00,-0.05447574452837396,pre_conflict
2008-05-16 12:00:00,-2.0129645377546983,pre_conflict
2008-06-16 00:00:00,-2.859384891632427,pre_conflict
2008-07-16 12:00:00,-4.032178834697399,pre_conflict
2008-08-16 12:00:00,-4.583054207292235,pre_conflict
2008-09-16 00:00:00,-6.541336924194434,pre_conflict
2008-10-16 12:00:00,-7.756253984557759,pre_conflict
2008-11-16 00:00:00,-6.9716391689008566,pre_conflict
2008-12-16 12:00:00,-5.355366670555953,pre_conflict
2009-01-16 12:00:00,-5.080888067369807,pre_conflict
2009-02-15 00:00:00,-3.9634827194609334,pre_conflict
2009-03-16 12:00:00,-3.4561074338101583,pre_conflict
2009-04-16 00:00:00,-2.018403137931994,pre_conflict
2009-05-16 12:00:00,-2.925632412764746,pre_conflict
2009-06-16 00:00:00,-4.891127973572845,pre_conflict
2009-07-16 12:00:00,-4.828167478572011,pre_conflict
2009-08-16 12:00:00,-6.585032785103723,pre_conflict
2009-09-16 00:00:00,-7.521978760469227,pre_conflict
2009-10-16 12:00:00,-9.516444890865834,pre_conflict
2009-11-16 00:00:00,-8.039713178954468,pre_conflict
2009-12-16 12:00:00,-5.55081482597705,pre_conflict
2010-01-16 12:00:00,-4.983783215204338,pre_conflict
2010-02-15 00:00:00,-3.824919209282847,pre_conflict
2010-03-16 12:00:00,-2.967115451481938,pre_conflict
2010-04-16 00:00:00,-2.8312579609391397,pre_conflict
2010-05-16 12:00:00,-2.737671107320192,pre_conflict
2010-06-16 00:00:00,-4.325979787459002,pre_conflict
2010-07-16 12:00:00,-5.584903813459103,pre_conflict
2010-08-16 12:00:00,-7.201984301643229,pre_conflict
2010-09-16 00:00:00,-9.7231576148049,pre_conflict
2010-10-16 12:00:00,-10.166128558285056,pre_conflict
2010-11-16 00:00:00,-10.595861594430279,pre_conflict
2010-12-14 12:00:00,-10.766359198114678,pre_conflict
2011-02-18 12:00:00,-5.962774294549482,pre_conflict
2011-03-16 12:00:00,-4.782185828295316,pre_conflict
2011-04-16 00:00:00,-4.3546994122377205,pre_conflict
2011-05-16 12:00:00,-4.50499887388535,pre_conflict
2011-07-18 12:00:00,-7.292005431391289,pre_conflict
2011-08-16 12:00:00,-8.959708561904515,pre_conflict
2011-09-16 00:00:00,-9.424319671129979,pre_conflict
2011-10-16 12:00:00,-10.590146257198812,pre_conflict
2011-11-01 12:00:00,-10.439640793075473,pre_conflict
2012-01-01 00:00:00,-7.989092417661964,pre_conflict
2012-01-16 12:00:00,-7.816064234655171,pre_conflict
2012-02-15 12:00:00,-5.608408534384289,pre_conflict
2012-03-16 12:00:00,-4.270849599866015,pre_conflict
2012-04-04 12:00:00,-4.866363633819073,pre_conflict
2012-06-16 00:00:00,-8.587937102310965,pre_conflict
2012-07-16 12:00:00,-8.471200027352351,pre_conflict
2012-08-16 12:00:00,-10.72669946372388,pre_conflict
2012-09-13 00:00:00,-11.55932763364161,pre_conflict
2012-11-18 12:00:00,-11.976545627389063,pre_conflict
2012-12-16 12:00:00,-10.9964946948205,pre_conflict
2013-01-16 12:00:00,-7.9462126288613595,pre_conflict
2013-02-14 00:00:00,-6.1471924544049585,pre_conflict
2013-04-21 00:00:00,-6.194954407172931,pre_conflict
2013-05-16 12:00:00,-6.93024171049155,pre_conflict
2013-06-16 00:00:00,-7.992311293172118,pre_conflict
2013-07-16 12:00:00,-9.802623503422064,pre_conflict
2013-10-16 12:00:00,-13.88586535025521,pre_conflict
2013-11-16 00:00:00,-13.071706839782319,pre_conflict
2013-12-16 12:00:00,-11.355427238169906,pre_conflict
2014-01-09 12:00:00,-9.757471016115971,pre_conflict
2014-03-16 12:00:00,-7.806312908160434,pre_conflict
2014-04-16 00:00:00,-7.257016148817998,pre_conflict
2014-05-16 12:00:00,-8.401016040407544,pre_conflict
2014-06-13 00:00:00,-9.079393554671034,pre_conflict
2014-08-16 12:00:00,-13.599363707508545,pre_conflict
2014-09-16 00:00:00,-15.141386796840392,pre_conflict
2014-10-16 12:00:00,-14.096515235847264,pre_conflict
2014-11-17 00:00:00,-12.695107164940273,pre_conflict
2015-01-22 12:00:00,-13.078869751346454,pre_conflict
2015-02-15 00:00:00,-12.04620881157491,pre_conflict
2015-03-16 12:00:00,-10.87070720881322,pre_conflict
2015-04-16 00:00:00,-11.064102203292846,pre_conflict
2015-04-27 00:00:00,-11.703049483376128,pre_conflict
2015-07-15 12:00:00,-13.191661133556503,pre_conflict
2015-08-16 12:00:00,-14.688042659664376,pre_conflict
2015-09-14 12:00:00,-15.014346224705122,pre_conflict
2015-12-23 12:00:00,-13.449416871555828,pre_conflict
2016-01-16 12:00:00,-13.024349420112708,pre_conflict
2016-02-14 00:00:00,-10.598014991708455,pre_conflict
2016-03-16 12:00:00,-11.181753205355475,pre_conflict
2016-05-20 00:00:00,-9.992489772020107,pre_conflict
2016-06-16 00:00:00,-11.105305909197375,pre_conflict
2016-07-15 12:00:00,-11.734108911560607,pre_conflict
2016-08-21 12:00:00,-13.667306281156971,pre_conflict
2016-11-27 12:00:00,-16.717792271567113,pre_conflict
2016-12-24 12:00:00,-15.49904171150579,pre_conflict
2017-01-21 00:00:00,-13.689419910085304,pre_conflict
2017-03-31 12:00:00,-12.33997751598858,pre_conflict
2017-04-24 12:00:00,-12.14921978642143,pre_conflict
2017-05-12 12:00:00,-12.069229318465716,pre_conflict
2017-06-11 00:00:00,-13.888749242702906,pre_conflict
2018-06-16 00:00:00,-14.103976913383653,pre_conflict
2018-07-10 00:00:00,-16.15046663497348,pre_conflict
2018-10-31 12:00:00,-19.90127196022759,pre_conflict
2018-11-16 00:00:00,-18.71393225698537,pre_conflict
2018-12-16 12:00:00,-16.68126404094408,pre_conflict
2019-01-16 12:00:00,-14.904248143282283,pre_conflict
2019-02-14 00:00:00,-11.645288867476538,pre_conflict
2019-03-16 12:00:00,-8.438004359128575,pre_conflict
2019-04-16 00:00:00,-4.959125823867324,pre_conflict
2019-05-16 12:00:00,-6.8458467100705835,pre_conflict
2019-06-16 00:00:00,-10.021151704648483,pre_conflict
2019-07-16 12:00:00,-12.795956893552507,pre_conflict
2019-08-16 12:00:00,-14.757010516622998,pre_conflict
2019-09-16 00:00:00,-15.6379372719687,pre_conflict
2019-10-16 12:00:00,-17.029198806574048,pre_conflict
2019-11-16 00:00:00,-16.615600233309728,pre_conflict
2019-12-16 12:00:00,-13.952662330750224,pre_conflict
2020-01-16 12:00:00,-12.052382557179058,pre_conflict
2020-02-15 12:00:00,-9.96469520381794,pre_conflict
2020-03-16 12:00:00,-8.1393012832977,pre_conflict
2020-04-16 00:00:00,-6.402383252349926,pre_conflict
2020-05-16 12:00:00,-8.444462689648473,pre_conflict
2020-06-16 00:00:00,-11.794187000234716,pre_conflict
2020-07-16 12:00:00,-13.843830286150327,pre_conflict
2020-08-16 12:00:00,-14.213515917502182,pre_conflict
2020-09-16 00:00:00,-14.781325140431992,pre_conflict
2020-10-16 12:00:00,-16.12148874627864,pre_conflict
2020-11-16 00:00:00,-16.688986361804464,pre_conflict
2020-12-16 12:00:00,-13.250788465062303,pre_conflict
2021-01-16 12:00:00,-12.311978467274086,pre_conflict
2021-02-15 00:00:00,-13.730667436343637,pre_conflict
2021-03-16 12:00:00,-11.894715980546595,pre_conflict
2021-04-16 00:00:00,-13.455335025874245,pre_conflict
2021-05-16 12:00:00,-14.34980458121739,pre_conflict
2021-06-16 00:00:00,-16.513211618482092,pre_conflict
2021-07-16 12:00:00,-17.602235460827995,pre_conflict
2021-08-16 12:00:00,-19.830498982486183,pre_conflict
2021-09-16 00:00:00,-20.101921169065815,pre_conflict
2021-10-16 12:00:00,-21.9228599195368,pre_conflict
2021-11-16 00:00:00,-20.55994771126751,pre_conflict
2021-12-16 12:00:00,-21.070446778639916,pre_conflict
2022-01-16 12:00:00,-18.28491957377341,pre_conflict
2022-02-15 00:00:00,-16.577911364919274,pre_conflict
2022-03-16 12:00:00,-16.0256661140889,pre_conflict
2022-04-16 00:00:00,-18.073348011457878,pre_conflict
2022-05-16 12:00:00,-17.74328824405842,pre_conflict
2022-06-16 00:00:00,-19.58870168659262,pre_conflict
2022-07-16 12:00:00,-21.11885182031886,pre_conflict
2022-08-16 12:00:00,-20.89744720527333,pre_conflict
2022-09-16 00:00:00,-21.393419834761147,pre_conflict
2022-10-16 12:00:00,-24.593142969857844,pre_conflict
2022-11-16 00:00:00,-24.95074055156479,pre_conflict
2022-12-16 12:00:00,-22.687561241734496,pre_conflict
2023-01-16 12:00:00,-20.6033422088375,pre_conflict
2023-02-15 00:00:00,-17.479614260214227,pre_conflict
2023-03-16 12:00:00,-16.838227439673545,pre_conflict
2023-04-16 00:00:00,-17.399979453102304,pre_conflict
2023-05-16 12:00:00,-18.906800004053157,pre_conflict
2023-06-16 00:00:00,-20.383920879404233,pre_conflict
2023-07-16 12:00:00,-21.485635181771745,pre_conflict
2023-08-16 12:00:00,-21.92964875604958,pre_conflict
2023-09-16 00:00:00,-23.865145223178818,pre_conflict
2023-10-16 12:00:00,-25.76549125874002,pre_conflict
2023-11-16 00:00:00,-25.2610571046764,pre_conflict
2023-12-16 12:00:00,-24.773393592988217,pre_conflict
2024-01-16 12:00:00,-24.996616442297906,pre_conflict
2024-02-15 12:00:00,-21.90931165695026,pre_conflict
2024-03-16 12:00:00,-19.325256182257526,pre_conflict
2024-04-16 00:00:00,-19.327627343855635,pre_conflict
2024-05-16 12:00:00,-18.393632637927574,pre_conflict
2024-06-16 00:00:00,-19.428859756947173,pre_conflict
2024-07-16 12:00:00,-20.47817559374111,pre_conflict
2024-08-16 12:00:00,-22.355157486559598,pre_conflict
2024-09-16 00:00:00,-24.80209791047411,pre_conflict
2024-10-16 12:00:00,-25.125911811632683,pre_conflict
2024-11-16 00:00:00,-24.167412918333365,pre_conflict
2024-12-16 12:00:00,-24.16058428933214,pre_conflict
2025-01-16 12:00:00,-24.725379622720773,pre_conflict
2025-02-15 00:00:00,-23.98485151883668,pre_conflict
2025-03-16 12:00:00,-23.604963212949105,pre_conflict
2025-04-16 00:00:00,-22.636793617793902,pre_conflict
2025-05-16 12:00:00,-22.48202870760649,pre_conflict
2025-06-16 12:00:00,-24.947582768535604,pre_conflict
2025-07-16 12:00:00,-25.72329078294133,pre_conflict
2025-08-16 12:00:00,-27.5250020665073,pre_conflict
2025-09-16 00:00:00,-28.65706830893208,pre_conflict
2025-10-16 12:00:00,-29.970903258623306,pre_conflict
2025-11-16 00:00:00,-30.128360531311035,pre_conflict
2025-12-16 12:00:00,-29.536456147479118,pre_conflict
2026-01-16 12:00:00,-25.920886949775248,pre_conflict
2026-02-15 00:00:00,-24.696520909699714,pre_conflict
2026-03-16 12:00:00,-22.00579045285958,conflict
2026-04-16 00:00:00,-18.238580531678327,conflict
2026-05-16 12:00:00,-20.688791482449318,conflict
