season,season_year,sm_surface,sm_rootzone,n_images,days_expected,start_date,end_date
JJA,2015,0.07604184768478696,0.16682186022343273,736,92.0,2015-06-01,2015-09-01
JJA,2016,0.08000114209304052,0.17179550939088778,736,92.0,2016-06-01,2016-09-01
JJA,2017,0.07593324611000568,0.1700073535796941,736,92.0,2017-06-01,2017-09-01
JJA,2018,0.08134026773754226,0.17397853993914633,736,92.0,2018-06-01,2018-09-01
JJA,2019,0.08723257021877313,0.1809944923670065,736,92.0,2019-06-01,2019-09-01
JJA,2020,0.08893490573578791,0.18122378166715425,736,92.0,2020-06-01,2020-09-01
JJA,2021,0.08183730412107362,0.16811372446820863,736,92.0,2021-06-01,2021-09-01
JJA,2022,0.0827820354342342,0.16959361452691835,736,92.0,2022-06-01,2022-09-01
JJA,2023,0.08124704154431413,0.17060559664874092,736,92.0,2023-06-01,2023-09-01
JJA,2024,0.08355388688965956,0.17753111777511832,736,92.0,2024-06-01,2024-09-01
JJA,2025,0.062443539570800656,0.16236314696154475,736,92.0,2025-06-01,2025-09-01
JJA,2026,0.06416072986437929,0.1672426269910953,736,92.0,2026-06-01,2026-09-01
