year,month,sm_surface,sm_rootzone,n_images,start_date
2025,1,0.13814864378596325,0.18741808779998373,248,2025-01-01
2025,2,0.14510305623208355,0.19408075004923633,224,2025-02-01
2025,3,0.1463433004110051,0.20468485852672097,248,2025-03-01
2025,4,0.12274038767686214,0.20162423219456999,240,2025-04-01
2025,5,0.09327314031711074,0.18691963053909763,248,2025-05-01
2025,6,0.07010567948278534,0.17056090723511466,240,2025-06-01
2025,7,0.06181108701501074,0.16100759105474532,248,2025-07-01
2025,8,0.055661018065169404,0.15578538660543098,248,2025-08-01
2025,9,0.056431137923761775,0.1538935974477176,240,2025-09-01
2025,10,0.057071962732010824,0.15355554007930633,241,2025-10-01
2025,11,0.06581564660421094,0.1551887934977184,237,2025-11-01
2025,12,0.14375817131177576,0.1825398670250566,248,2025-12-01
2026,1,0.16017446783668876,0.20485328931010544,248,2026-01-01
2026,2,0.1640143470347814,0.21837303377315165,224,2026-02-01
2026,3,0.17157477944117222,0.22171089089973295,248,2026-03-01
2026,4,0.15557919276129084,0.22920093675301545,240,2026-04-01
2026,5,0.10440499890313588,0.2035286920334641,248,2026-05-01
2026,6,0.07461994156912333,0.1791451921624065,240,2026-06-01
2026,7,0.06189650312248634,0.1653104292364128,248,2026-07-01
2026,8,0.056303138909745434,0.1576562134766777,248,2026-08-01
2026,9,0.05964435371632663,0.15600465561408103,128,2026-09-01
2026,10,0.0,0.0,0,2026-10-01
2026,11,0.0,0.0,0,2026-11-01
2026,12,0.0,0.0,0,2026-12-01
