hybas_id,area_km2,elev_p50_m,elev_p90_m,forest_frac,obs_frac_mean,mean_peak_snow_frac_2003_25,winter_2003_25,winter_2026,winter_ratio,late_2003_25,late_2026,late_ratio,late_z_2026,snow_carrying
2050723860,26328.0,1304.0,2615.0,0.0,0.712,0.6233,0.3987,0.5009,1.26,0.0258,0.0743,2.89,3.25,1
2050085990,17316.0,2040.0,2599.0,0.0,0.544,0.9847,0.8476,0.8386,0.99,0.0398,0.1058,2.66,3.08,1
2050773470,32976.0,920.0,2007.0,0.0,0.777,0.3033,0.1188,0.1464,1.23,0.0006,0.0025,4.19,3.01,1
2050735780,20023.0,920.0,1815.0,0.0,0.747,0.3771,0.1608,0.2564,1.59,0.0037,0.0098,2.64,2.76,1
2050643590,96132.0,1712.0,2479.0,0.007,0.636,0.8295,0.531,0.5286,1.0,0.02,0.0478,2.38,2.54,1
2050085690,52199.0,1671.0,2311.0,0.0,0.658,0.8149,0.4874,0.4842,0.99,0.0074,0.0174,2.35,2.24,1
2050816870,50662.0,1480.0,2056.0,0.0,0.795,0.3239,0.1127,0.1068,0.95,0.0008,0.0018,2.25,1.79,1
2050828790,72432.0,1680.0,2639.0,0.0,0.807,0.3762,0.2088,0.2539,1.22,0.0047,0.0099,2.11,1.72,1
2050070510,58652.0,1808.0,2255.0,0.011,0.729,0.7557,0.4087,0.358,0.88,0.0035,0.0071,2.01,1.67,1
2050085640,65621.0,1239.0,2632.0,0.0,0.865,0.2278,0.0958,0.1186,1.24,0.0003,0.0008,2.27,1.41,1
2050085590,92395.0,1687.0,2263.0,0.0,0.804,0.4592,0.1839,0.1312,0.71,0.0018,0.0023,1.29,0.58,1
2050070520,27965.0,1392.0,2894.0,0.234,0.603,0.6064,0.3277,0.3325,1.01,0.0181,0.0229,1.27,0.52,1
2050085980,18007.0,1335.0,2104.0,0.0,0.818,0.2202,0.0733,0.0774,1.06,0.0007,0.0009,1.27,0.4,1
2050724600,54576.0,1479.0,2887.0,0.0,0.808,0.5865,0.2749,0.2827,1.03,0.0035,0.0039,1.11,0.18,1
2050724400,16841.0,1255.0,2023.0,0.0,0.772,0.5486,0.1645,0.1815,1.1,0.0007,0.0005,0.75,-0.25,1
2050085930,31554.0,2023.0,2551.0,0.0,0.852,0.2897,0.111,0.1518,1.37,0.01,0.0069,0.69,-1.09,1
2050884680,4392.0,1331.0,1507.0,0.0,0.928,0.005,0.0006,0.0013,2.14,0.0,0.0002,4.23,3.46,0
2050072920,47608.0,968.0,1831.0,0.0,0.887,0.0206,0.0052,0.0127,2.43,0.0,0.0001,3.37,1.68,0
2050086100,13311.0,935.0,1992.0,0.0,0.881,0.1487,0.0301,0.0105,0.35,0.0001,0.0003,1.84,0.49,0
2050883650,3700.0,1123.0,1355.0,0.0,0.932,0.0031,0.0003,0.0003,0.87,0.0001,0.0002,2.59,0.47,0
2050085740,37530.0,920.0,2056.0,0.0,0.849,0.1434,0.0575,0.0472,0.82,0.0006,0.0008,1.22,0.29,0
2050088060,6597.0,730.0,1180.0,0.0,0.869,0.0159,0.0029,0.003,1.01,0.0001,0.0001,1.46,0.24,0
2050085730,98654.0,1847.0,2424.0,0.0,0.878,0.1495,0.0575,0.0988,1.72,0.0037,0.0037,1.01,0.02,0
2050086540,11553.0,1131.0,1643.0,0.0,0.903,0.0275,0.0039,0.0033,0.84,0.0001,0.0001,0.72,-0.24,0
2050089360,2555.0,1109.0,1273.0,0.0,0.895,0.0126,0.0012,0.0021,1.82,0.0,0.0,0.0,-0.3,0
2050085570,93372.0,1079.0,1671.0,0.0,0.831,0.1663,0.0503,0.077,1.53,0.0002,0.0002,0.75,-0.34,0
2050816210,27071.0,795.0,1163.0,0.0,0.909,0.0029,0.0005,0.0006,1.23,0.0,0.0,0.07,-0.45,0
2050085830,40199.0,984.0,1639.0,0.0,0.86,0.1629,0.0355,0.0136,0.38,0.0001,0.0001,0.61,-0.48,0
2050086240,15720.0,968.0,1702.0,0.0,0.903,0.0368,0.006,0.0045,0.74,0.0004,0.0003,0.73,-0.5,0
2050086720,11842.0,1364.0,1884.0,0.0,0.872,0.1245,0.0291,0.0287,0.99,0.0003,0.0001,0.19,-0.5,0
2050072590,42103.0,1079.0,1895.0,0.0,0.904,0.0075,0.0016,0.0034,2.13,0.0,0.0,0.57,-0.51,0
2050085820,38614.0,811.0,1515.0,0.0,0.887,0.0042,0.0007,0.0013,1.8,0.0,0.0,0.51,-0.52,0
2050085630,72750.0,791.0,2040.0,0.0,0.915,0.0298,0.0088,0.0174,1.98,0.0002,0.0001,0.6,-0.53,0
2050086120,13686.0,951.0,1398.0,0.0,0.885,0.0152,0.0031,0.0035,1.11,0.0,0.0,0.14,-0.57,0
2050884650,7646.0,1347.0,1596.0,0.0,0.923,0.0031,0.0005,0.0015,3.14,0.0001,0.0,0.48,-0.59,0
2050086340,13264.0,1083.0,1524.0,0.0,0.886,0.0239,0.0038,0.0032,0.84,0.0001,0.0,0.35,-0.6,0
2050086900,11858.0,779.0,1195.0,0.0,0.84,0.0501,0.0094,0.012,1.28,0.0,0.0,0.06,-0.62,0
2050086480,17427.0,471.0,2103.0,0.0,0.911,0.0252,0.0066,0.0077,1.16,0.0001,0.0001,0.43,-0.72,0
2050085700,86962.0,1640.0,2375.0,0.0,0.875,0.1187,0.0281,0.0365,1.3,0.0003,0.0002,0.62,-0.74,0
2050868260,32577.0,983.0,1751.0,0.0,0.921,0.0052,0.0011,0.0017,1.6,0.0001,0.0,0.3,-0.76,0
2050085680,55305.0,968.0,2023.0,0.0,0.91,0.0289,0.0078,0.0154,1.97,0.0001,0.0001,0.49,-0.87,0
2050085870,25914.0,756.0,1187.0,0.0,0.88,0.0423,0.0082,0.0042,0.52,0.0,0.0,0.13,-0.88,0
2050085780,33599.0,1099.0,1692.0,0.0,0.855,0.1511,0.0421,0.0389,0.92,0.0002,0.0001,0.38,-0.92,0
2050085620,71698.0,903.0,1703.0,0.0,0.9,0.0253,0.0052,0.0054,1.02,0.0001,0.0,0.28,-0.97,0
2050883660,12660.0,1075.0,1467.0,0.0,0.926,0.0027,0.0005,0.0001,0.22,0.0,0.0,0.16,-0.99,0
2050086730,10409.0,1112.0,1735.0,0.0,0.888,0.0509,0.0085,0.0038,0.45,0.0001,0.0,0.0,-1.14,0
