season,season_year,start_date,p_anom,pet_anom,wb_anom,cum_p,cum_dem,cum_wb
DJF,1991,1990-12-01,-20.130032840264818,-8.589802679647931,-11.540230160616886,-20.130032840264818,8.589802679647931,-11.540230160616886
MAM,1991,1991-03-01,-7.528467586708672,-19.141795929065097,11.613328342356425,-27.65850042697349,27.73159860871303,0.07309818173953886
JJA,1991,1991-06-01,-1.913320631370241,4.212718346217343,-6.1260389775875845,-29.57182105834373,23.518880262495685,-6.052940795848046
SON,1991,1991-09-01,-16.07243745915261,-5.327287708771564,-10.745149750381046,-45.64425851749634,28.84616797126725,-16.79809054622909
DJF,1992,1991-12-01,-2.1573986268371925,-16.864618222904326,14.707219596067134,-47.80165714433353,45.710786194171575,-2.090870950161957
MAM,1992,1992-03-01,-11.60305891936936,-48.293896228915855,36.690837309546495,-59.40471606370289,94.00468242308743,34.59996635938454
JJA,1992,1992-06-01,1.2435984114262641,-19.295435389953354,20.539033801379617,-58.16111765227663,113.30011781304079,55.139000160764155
SON,1992,1992-09-01,-13.613328519657273,-5.862529980782313,-7.75079853887496,-71.7744461719339,119.1626477938231,47.388201621889195
DJF,1993,1992-12-01,5.847114372431733,-16.423225941213815,22.270340313645548,-65.92733179950217,135.5858737350369,69.65854193553474
MAM,1993,1993-03-01,-10.68378679838888,-21.542698119227566,10.858911320838686,-76.61111859789105,157.12857185426446,80.51745325637343
JJA,1993,1993-06-01,0.12377687262961778,-10.715030099371802,10.83880697200142,-76.48734172526143,167.84360195363627,91.35626022837485
SON,1993,1993-09-01,-2.879084735334768,-4.988721495369816,2.1096367600350483,-79.3664264605962,172.83232344900608,93.4658969884099
DJF,1994,1993-12-01,-34.848909041885534,3.558314767942079,-38.40722380982761,-114.21533550248174,169.274008681064,55.05867317858228
MAM,1994,1994-03-01,-21.849755522112282,-2.5341751789684395,-19.315580343143843,-136.065091024594,171.80818386003244,35.74309283543844
JJA,1994,1994-06-01,0.8975269813671645,-5.146067695857141,6.043594677224306,-135.16756404322683,176.95425155588958,41.786687512662745
SON,1994,1994-09-01,9.976338043000403,-16.957276853021483,26.933614896021886,-125.19122600022644,193.91152840891107,68.72030240868463
DJF,1995,1994-12-01,-28.964020175265773,0.44740037594826276,-29.411420551214036,-154.1552461754922,193.4641280329628,39.308881857470595
MAM,1995,1995-03-01,-12.066971872012331,-19.90303299340917,7.836061121396838,-166.22221804750455,213.36716102637197,47.144942978867434
JJA,1995,1995-06-01,0.030698093585728614,-0.3674987788907629,0.3981968724764915,-166.19151995391883,213.73465980526274,47.54313985134392
SON,1995,1995-09-01,-15.765024463892587,2.546838500342517,-18.311862964235104,-181.95654441781141,211.18782130492022,29.23127688710882
DJF,1996,1995-12-01,-0.3269366634647781,-14.235363335634304,13.908426672169526,-182.2834810812762,225.42318464055452,43.139703559278345
MAM,1996,1996-03-01,-15.925248443633336,-27.0433350445943,11.118086600960964,-198.20872952490953,252.46651968514882,54.25779016023931
JJA,1996,1996-06-01,-1.7147016224116731,-15.037075295361092,13.322373672949418,-199.9234311473212,267.5035949805099,67.58016383318872
SON,1996,1996-09-01,-15.570542476447422,0.43305374295408683,-16.00359621940151,-215.49397362376862,267.0705412375558,51.57656761378721
DJF,1997,1996-12-01,-35.20219688379473,4.885822678382937,-40.088019562177664,-250.69617050756335,262.1847185591729,11.488548051609548
MAM,1997,1997-03-01,-12.631138414198873,-27.311213251897925,14.680074837699053,-263.3273089217622,289.4959318110708,26.1686228893086
JJA,1997,1997-06-01,0.23397916380514694,0.14922684268537978,0.08475232111976716,-263.09332975795706,289.34670496838544,26.253375210428366
SON,1997,1997-09-01,-6.1477825532711385,-4.550894605029498,-1.5968879482416405,-269.2411123112282,293.89759957341494,24.656487262186726
DJF,1998,1997-12-01,0.9490615070238704,-13.579860947628774,14.528922454652644,-268.29205080420434,307.4774605210437,39.185409716839374
MAM,1998,1998-03-01,-14.351421484181216,-1.3603284936712612,-12.991092990509955,-282.64347228838557,308.837789014715,26.19431672632942
JJA,1998,1998-06-01,-1.3735884012345743,-4.713142181566695,3.339553780332121,-284.01706068962017,313.5509311962817,29.53387050666154
SON,1998,1998-09-01,-18.078890644533413,11.676594868502264,-29.755485513035676,-302.0959513341536,301.8743363277794,-0.22161500637413667
DJF,1999,1998-12-01,17.222785785269124,11.726832497748518,5.4959532875206065,-284.87316554888446,290.1475038300309,5.27433828114647
MAM,1999,1999-03-01,-7.592793631427924,6.112221852814002,-13.705015484241926,-292.4659591803124,284.0352819772169,-8.430677203095456
JJA,1999,1999-06-01,-1.1307738739802602,1.1997586593273581,-2.3305325333076183,-293.59673305429266,282.83552331788957,-10.761209736403075
SON,1999,1999-09-01,-6.291531568981856,4.197694702061028,-10.489226271042885,-299.8882646232745,278.63782861582854,-21.25043600744596
DJF,2000,1999-12-01,-10.108035881130093,6.178813036591322,-16.286848917721414,-309.9963005044046,272.4590155792372,-37.53728492516737
MAM,2000,2000-03-01,-27.880571708943343,36.950742534096264,-64.8313142430396,-337.87687221334795,235.50827304514092,-102.36859916820697
JJA,2000,2000-06-01,-1.620621177188351,1.0104462540609802,-2.631067431249331,-339.4974933905363,234.49782679107994,-104.9996665994563
SON,2000,2000-09-01,0.7181355617766201,-9.080579912321241,9.798715474097861,-338.77935782875966,243.57840670340119,-95.20095112535844
DJF,2001,2000-12-01,-0.7836098416166948,2.3341079084109992,-3.117717750027694,-339.56296767037634,241.2442987949902,-98.31866887538614
MAM,2001,2001-03-01,-18.573852602822093,33.28238954146741,-51.8562421442895,-358.13682027319845,207.96190925352278,-150.17491101967565
JJA,2001,2001-06-01,-0.8593635534055295,2.792559377844327,-3.6519229312498567,-358.996183826604,205.16934987567845,-153.8268339509255
SON,2001,2001-09-01,-5.101792987406224,8.830399137117354,-13.932192124523578,-364.0979768140102,196.3389507385611,-167.75902607544907
DJF,2002,2001-12-01,10.144060554769851,5.207643198164021,4.93641735660583,-353.9539162592404,191.13130754039707,-162.82260871884324
MAM,2002,2002-03-01,9.405475996993914,6.7769148602988025,2.6285611366951116,-344.54844026224646,184.35439268009827,-160.19404758214813
JJA,2002,2002-06-01,-2.261876811107218,3.3336411032905744,-5.595517914397792,-346.8103170733537,181.0207515768077,-165.78956549654592
SON,2002,2002-09-01,-7.154006081953732,12.850041585778342,-20.004047667732074,-353.96432315530745,168.17070999102936,-185.79361316427799
DJF,2003,2002-12-01,-5.201729613044293,-1.5816644005185196,-3.6200652125257733,-359.16605276835173,169.75237439154787,-189.41367837680377
MAM,2003,2003-03-01,12.210528625884038,-7.144168616618231,19.35469724250227,-346.9555241424677,176.8965430081661,-170.05898113430152
JJA,2003,2003-06-01,1.3184134899502293,1.7809732348930538,-0.4625597449428245,-345.6371106525175,175.11556977327305,-170.52154087924436
SON,2003,2003-09-01,-2.8692449569548018,5.399474494314688,-8.26871945126949,-348.5063556094723,169.71609527895836,-178.79026033051383
DJF,2004,2003-12-01,19.456854195444052,8.839397693784917,10.617456501659134,-329.0495014140282,160.87669758517345,-168.17280382885468
MAM,2004,2004-03-01,3.7620569340033114,9.767631806531995,-6.005574872528683,-325.2874444800249,151.10906577864145,-174.17837870138337
JJA,2004,2004-06-01,0.4123976523526416,-3.7363024658865243,4.148700118239166,-324.87504682767224,154.84536824452798,-170.0296785831442
SON,2004,2004-09-01,5.010098844700636,1.2114660493189717,3.798632795381664,-319.8649479829716,153.633902195209,-166.23104578776253
DJF,2005,2004-12-01,47.87744826160802,-16.867462425648313,64.74491068725634,-271.9874997213636,170.50136462085732,-101.48613510050619
MAM,2005,2005-03-01,5.6741068605493155,-5.902079388455036,11.576186249004351,-266.31339286081425,176.40344400931235,-89.90994885150184
JJA,2005,2005-06-01,-0.7677005479421819,-2.4790996269377956,1.7113990789956137,-267.08109340875643,178.88254363625015,-88.19854977250623
SON,2005,2005-09-01,-2.6541425578571385,5.154596363775227,-7.808738921632365,-269.7352359666136,173.72794727247492,-96.0072886941386
DJF,2006,2005-12-01,29.430757880125682,4.768807875262695,24.661950004862987,-240.3044780864879,168.95913939721223,-71.34533868927561
MAM,2006,2006-03-01,-6.204422831182427,16.313486036560562,-22.51790886774299,-246.50890091767033,152.64565336065166,-93.8632475570186
JJA,2006,2006-06-01,-2.9187996205223428,7.042050389206565,-9.960850009728908,-249.42770053819268,145.6036029714451,-103.8240975667475
SON,2006,2006-09-01,11.102111633652903,1.8783968255409604,9.223714808111943,-238.32558890453979,143.72520614590414,-94.60038275863556
DJF,2007,2006-12-01,17.36429955602003,-10.631452857114368,27.995752413134397,-220.96128934851976,154.3566590030185,-66.60463034550116
MAM,2007,2007-03-01,42.18569485046946,-4.675664294781768,46.86135914525123,-178.77559449805028,159.03232329780027,-19.743271200249936
JJA,2007,2007-06-01,1.289332515390896,-11.556883082540935,12.846215597931831,-177.48626198265939,170.5892063803412,-6.897055602318105
SON,2007,2007-09-01,-12.78385217368946,5.194013670035474,-17.977865843724935,-190.27011415634885,165.39519271030574,-24.87492144604304
DJF,2008,2007-12-01,-5.379000131568787,-13.40444059432177,8.025440462752982,-195.64911428791766,178.7996333046275,-16.849480983290057
MAM,2008,2008-03-01,-37.992251286370255,38.85128785043179,-76.84353913680204,-233.6413655742879,139.9483454541957,-93.69302012009209
JJA,2008,2008-06-01,-1.2075589998979135,3.0538684258133344,-4.261427425711248,-234.84892457418582,136.89447702838237,-97.95444754580333
SON,2008,2008-09-01,5.574649811732826,-3.1361558876248523,8.710805699357678,-229.274274762453,140.03063291600722,-89.24364184644566
DJF,2009,2008-12-01,-6.491549974114051,3.939322465803002,-10.430872439917053,-235.76582473656703,136.09131045020422,-99.67451428636271
MAM,2009,2009-03-01,25.848593314147735,-2.334307250757547,28.18290056490528,-209.9172314224193,138.42561770096177,-71.49161372145743
JJA,2009,2009-06-01,2.5218890270606718,-1.3008557131157659,3.8227447401764376,-207.39534239535863,139.72647341407753,-67.668868981281
SON,2009,2009-09-01,18.860070747274975,-2.555232320015648,21.415303067290623,-188.53527164808366,142.28170573409318,-46.25356591399037
DJF,2010,2009-12-01,17.752469139026502,9.318701765669488,8.433767373357014,-170.78280250905715,132.9630039684237,-37.81979854063336
MAM,2010,2010-03-01,6.271751024275801,18.64599951929108,-12.37424849501528,-164.51105148478135,114.31700444913261,-50.19404703564864
JJA,2010,2010-06-01,-0.23438184704861165,7.32290689127592,-7.557288738324532,-164.74543333182996,106.99409755785669,-57.75133577397317
SON,2010,2010-09-01,-14.59478827740855,11.0066242339351,-25.60141251134365,-179.3402216092385,95.98747332392159,-83.35274828531682
DJF,2011,2010-12-01,7.667251637406267,1.993326630914737,5.67392500649153,-171.67296997183223,93.99414669300685,-77.67882327882529
MAM,2011,2011-03-01,3.3419272104762427,10.138440288345748,-6.7965130778695055,-168.331042761356,83.8557064046611,-84.4753363566948
JJA,2011,2011-06-01,1.7516672413713117,6.232995341195419,-4.481328099824108,-166.5793755199847,77.62271106346569,-88.95666445651891
SON,2011,2011-09-01,17.698282666743225,-6.566493233825327,24.26477590056855,-148.88109285324146,84.18920429729101,-64.69188855595036
DJF,2012,2011-12-01,-11.655999920696388,-3.1337214804064217,-8.522278440289966,-160.53709277393784,87.32292577769744,-73.21416699624032
MAM,2012,2012-03-01,-11.039447673374013,2.8461354844169477,-13.885583157790961,-171.57654044731186,84.47679029328049,-87.09975015403128
JJA,2012,2012-06-01,1.4026695928018178,-7.032628541332315,8.435298134134133,-170.17387085451003,91.5094188346128,-78.66445201989715
SON,2012,2012-09-01,23.686773495398775,-6.060889796709773,29.747663292108548,-146.48709735911126,97.57030863132258,-48.91678872778861
DJF,2013,2012-12-01,6.729563757679429,6.287482204910219,0.4420815527692099,-139.75753360143182,91.28282642641236,-48.4747071750194
MAM,2013,2013-03-01,-1.970766513364424,-2.185651680635999,0.21488516727157503,-141.72830011479624,93.46847810704836,-48.25982200774782
JJA,2013,2013-06-01,-0.3626271972094308,-2.0545605194387235,1.6919333222292927,-142.09092731200568,95.52303862648708,-46.567888685518525
SON,2013,2013-09-01,5.0623955659517605,1.9046189988992523,3.157776567052508,-137.02853174605391,93.61841962758783,-43.41011211846602
DJF,2014,2013-12-01,-10.107077021312335,-6.767260186904451,-3.339816834407884,-147.13560876736625,100.38567981449228,-46.7499289528739
MAM,2014,2014-03-01,3.386876289337181,-0.5380461085377419,3.924922397874923,-143.74873247802907,100.92372592303002,-42.82500655499898
JJA,2014,2014-06-01,-0.16987815185634503,5.664383991140426,-5.834262142996771,-143.91861062988542,95.2593419318896,-48.65926869799575
SON,2014,2014-09-01,6.632901946567145,-2.800753896127844,9.43365584269499,-137.28570868331826,98.06009582801744,-39.22561285530076
DJF,2015,2014-12-01,-30.328200274080857,11.52513067430425,-41.85333094838511,-167.61390895739913,86.53496515371319,-81.07894380368586
MAM,2015,2015-03-01,-15.036417238141851,13.611337547440314,-28.647754785582165,-182.65032619554097,72.92362760627287,-109.72669858926803
JJA,2015,2015-06-01,-1.5220232025715692,7.325246380851581,-8.84726958342315,-184.17234939811254,65.59838122542129,-118.57396817269118
SON,2015,2015-09-01,11.293521843337885,-6.654049564808076,17.94757140814596,-172.87882755477466,72.25243079022937,-100.62639676454522
DJF,2016,2015-12-01,-18.606186606242375,13.459215697741257,-32.06540230398363,-191.48501416101703,58.79321509248811,-132.69179906852884
MAM,2016,2016-03-01,8.382115621019764,8.692722640591455,-0.310607019571691,-183.10289853999728,50.100492451896656,-133.00240608810054
JJA,2016,2016-06-01,2.065763377792395,-1.8173333230441813,3.8830967008365764,-181.0371351622049,51.91782577494084,-129.11930938726397
SON,2016,2016-09-01,-9.133473074827933,2.864269815630223,-11.997742890458156,-190.1706082370328,49.053555959310614,-141.1170522777221
DJF,2017,2016-12-01,12.614309278598185,2.2684729971471427,10.345836281451042,-177.55629895843464,46.78508296216347,-130.77121599627105
MAM,2017,2017-03-01,4.644405957692214,14.463556262264717,-9.819150304572503,-172.91189300074242,32.321526699898754,-140.59036630084356
JJA,2017,2017-06-01,-2.4916990864941253,10.352852038369065,-12.844551124863191,-175.40359208723655,21.96867466152969,-153.43491742570674
SON,2017,2017-09-01,-4.72378089292177,11.339078163523823,-16.062859056445593,-180.12737298015833,10.629596498005867,-169.49777648215235
DJF,2018,2017-12-01,-9.627505073546814,15.627746325967621,-25.255251399514435,-189.75487805370514,-4.998149827961754,-194.75302788166678
MAM,2018,2018-03-01,3.2984094461126574,6.687163866261301,-3.3887544201486435,-186.45646860759248,-11.685313694223055,-198.14178230181543
JJA,2018,2018-06-01,1.6446672669776632,15.025310347203458,-13.380643080225795,-184.8118013406148,-26.710624041426513,-211.5224253820412
SON,2018,2018-09-01,30.782561567489275,-4.930629230121099,35.71319079761037,-154.02923977312554,-21.779994811305414,-175.80923458443084
DJF,2019,2018-12-01,23.854012776514807,6.5486446995163305,17.305368076998477,-130.17522699661072,-28.328639510821745,-158.50386650743235
MAM,2019,2019-03-01,69.12670149242088,-22.837897871691155,91.96459936411203,-61.04852550418984,-5.49074163913059,-66.53926714332032
JJA,2019,2019-06-01,2.126868355121987,11.345283702899223,-9.218415347777237,-58.921657149067855,-16.836025342029814,-75.75768249109755
SON,2019,2019-09-01,-0.9522502898633789,-0.07021548953645151,-0.8820348003269274,-59.873907438931234,-16.765809852493362,-76.63971729142449
DJF,2020,2019-12-01,13.008399866947968,3.163689577733294,9.844710289214675,-46.865507571983265,-19.929499430226656,-66.79500700220981
MAM,2020,2020-03-01,35.391728902848826,-10.391739639584557,45.78346854243338,-11.47377866913444,-9.537759790642099,-21.011538459776432
JJA,2020,2020-06-01,3.4856666826068725,-2.592308612976126,6.077975295582998,-7.988111986527567,-6.945451177665973,-14.933563164193433
SON,2020,2020-09-01,7.988111986527571,-6.945451177664893,14.933563164192464,3.552713678800501e-15,-1.0800249583553523e-12,-9.698908343125368e-13
DJF,2021,2020-12-01,-31.76975998128249,12.38152159237967,-44.15128157366216,-31.769759981282487,-12.38152159238075,-44.15128157366313
MAM,2021,2021-03-01,-22.728979284622064,30.02633342670265,-52.75531271132471,-54.49873926590455,-42.4078550190834,-96.90659428498785
JJA,2021,2021-06-01,1.315777454223836,12.450745440080823,-11.134967985856987,-53.18296181168071,-54.85860045916422,-108.04156227084484
SON,2021,2021-09-01,-10.739541451463388,6.797332753173009,-17.536874204636398,-63.9225032631441,-61.65593321233723,-125.57843647548123
DJF,2022,2021-12-01,-11.55806169024055,9.56519035045821,-21.12325204069876,-75.48056495338466,-71.22112356279544,-146.70168851617998
MAM,2022,2022-03-01,-20.094975291678836,25.548359132014127,-45.64333442369296,-95.5755402450635,-96.76948269480957,-192.34502293987293
JJA,2022,2022-06-01,3.54517264777612,-0.7742875381685508,4.319460185944671,-92.03036759728738,-95.99519515664102,-188.02556275392826
SON,2022,2022-09-01,-5.578141351662854,12.938509716894146,-18.516651068557,-97.60850894895023,-108.93370487353516,-206.54221382248525
DJF,2023,2022-12-01,-2.3860209131303662,-3.0640305707116795,0.6780096575813133,-99.9945298620806,-105.86967430282348,-205.86420416490392
MAM,2023,2023-03-01,-4.576694849940466,11.62377973105123,-16.200474580991695,-104.57122471202106,-117.49345403387471,-222.0646787458956
JJA,2023,2023-06-01,3.53316870891825,7.619224852056163,-4.086056143137913,-101.03805600310281,-125.11267888593088,-226.15073488903352
SON,2023,2023-09-01,0.2542923667054069,9.412346039122212,-9.158053672416806,-100.7837636363974,-134.5250249250531,-235.3087885614503
DJF,2024,2023-12-01,-23.431083828138128,18.23682573135119,-41.66790955948932,-124.21484746453552,-152.76185065640428,-276.97669812093966
MAM,2024,2024-03-01,17.65010262532566,-13.276469572301494,30.926572197627152,-106.56474483920987,-139.48538108410278,-246.05012592331252
JJA,2024,2024-06-01,6.269680704636075,4.508080832867449,1.7615998717686256,-100.29506413457379,-143.99346191697023,-244.2885260515439
SON,2024,2024-09-01,-6.801106442904363,4.813516868131501,-11.614623311035864,-107.09617057747815,-148.80697878510173,-255.90314936257977
DJF,2025,2024-12-01,-38.199021657643584,0.47141272400324397,-38.67043438164683,-145.29519223512173,-149.27839150910498,-294.5735837442266
MAM,2025,2025-03-01,-14.172547811763252,38.07757992741995,-52.2501277391832,-159.46774004688498,-187.35597143652492,-346.8237114834098
JJA,2025,2025-06-01,0.21431500734041542,9.791412995534756,-9.57709798819434,-159.25342503954457,-197.14738443205968,-356.40080947160413
SON,2025,2025-09-01,-19.41224682294322,16.472449665160923,-35.88469648810414,-178.66567186248778,-213.6198340972206,-392.2855059597083
DJF,2026,2025-12-01,27.902866421897514,11.36029667423685,16.542569747660664,-150.76280544059028,-224.98013077145745,-375.74293621204765
MAM,2026,2026-03-01,49.79855249516295,-1.733373909090858,51.53192640425381,-100.96425294542733,-223.2467568623666,-324.21100980779386
